thread_key,target_name,target_status,target_match_kind,target_match_basis,target_candidate_content_count,target_image_id,target_source_ephysFN,target_source_relpath,target_asset,target_asset_sha256
Alfa-02022021-005#thread000,Grapes_sq,resolved,normalized exact,validated repeat-source session,1,69b002237f62cdec4057f3c1,Alfa-02022021-002,2020-CosineEvol/2021-02-02-Alfa-refRepr/Grapes_sq.jpg,/targets/69b002237f62cdec4057f3c1.webp,f1f6916eab7fcd7db33168961cfaa21a6a3ab8de00e0894a78ba944ef31d79e8
Alfa-02022021-006#thread000,Grapes_sq,resolved,normalized exact,validated repeat-source session,1,69b002237f62cdec4057f3c1,Alfa-02022021-002,2020-CosineEvol/2021-02-02-Alfa-refRepr/Grapes_sq.jpg,/targets/69b002237f62cdec4057f3c1.webp,f1f6916eab7fcd7db33168961cfaa21a6a3ab8de00e0894a78ba944ef31d79e8
Alfa-02022021-007#thread000,objects-familiar-11,resolved,normalized exact,validated repeat-source session,1,3eef88b62bfcf0c64c7faed1,Alfa-02022021-002,2020-CosineEvol/2021-02-02-Alfa-refRepr/objects-familiar-11.bmp,/targets/3eef88b62bfcf0c64c7faed1.webp,701519d3ab7eeb76d0a90339f5f9eee2c408ab390b016b40dd58a37da6ca48d6
Alfa-04022021-006#thread000,objects-familiar-11,resolved,normalized exact,validated repeat-source session,1,9fa871a20692a85d06417708,Alfa-04022021-003,2020-CosineEvol/2021-02-04-Alfa-refRepr/objects-familiar-11.bmp,/targets/9fa871a20692a85d06417708.webp,701519d3ab7eeb76d0a90339f5f9eee2c408ab390b016b40dd58a37da6ca48d6
Alfa-04022021-008#thread000,objects-familiar-11,resolved,normalized exact,validated repeat-source session,1,9fa871a20692a85d06417708,Alfa-04022021-003,2020-CosineEvol/2021-02-04-Alfa-refRepr/objects-familiar-11.bmp,/targets/9fa871a20692a85d06417708.webp,701519d3ab7eeb76d0a90339f5f9eee2c408ab390b016b40dd58a37da6ca48d6
Alfa-04022021-009#thread000,objects-familiar-11,resolved,normalized exact,validated repeat-source session,1,9fa871a20692a85d06417708,Alfa-04022021-003,2020-CosineEvol/2021-02-04-Alfa-refRepr/objects-familiar-11.bmp,/targets/9fa871a20692a85d06417708.webp,701519d3ab7eeb76d0a90339f5f9eee2c408ab390b016b40dd58a37da6ca48d6
Alfa-05022021-003#thread000,objects-familiar-11,resolved,normalized exact,validated repeat-source session,1,007b41a6d684754cfbd8f570,Alfa-05022021-002,2020-CosineEvol/2021-02-05-Alfa-refRepr/objects-familiar-11.bmp,/targets/007b41a6d684754cfbd8f570.webp,701519d3ab7eeb76d0a90339f5f9eee2c408ab390b016b40dd58a37da6ca48d6
Alfa-05022021-004#thread000,n03530642_1271,resolved,normalized exact,validated repeat-source session,1,dfc7fd138a26f75f2d264dc5,Alfa-05022021-002,2020-CosineEvol/2021-02-05-Alfa-refRepr/n03530642_1271.bmp,/targets/dfc7fd138a26f75f2d264dc5.webp,6d806ab5a5ec60716afc2980fd962c1614a4f6fcbd69d1389457ac9d032f2fb7
Alfa-05022021-005#thread000,Blue-GrayGnatcatcher_sq,resolved,normalized exact,validated repeat-source session,1,3ba809fb1ba988c38df79cf6,Alfa-05022021-002,2020-CosineEvol/2021-02-05-Alfa-refRepr/Blue-GrayGnatcatcher_sq.jpg,/targets/3ba809fb1ba988c38df79cf6.webp,8cf41e1522a2c4454c462c110456efd34568a4fe15c9d5620859333bd51e7261
Alfa-09022021-003#thread000,Blue-GrayGnatcatcher_sq,resolved,normalized exact,validated repeat-source session,1,a8e640e0d71b9913d80e5e68,Alfa-09022021-002,2020-CosineEvol/2021-02-09-Alfa-refRepr/Blue-GrayGnatcatcher_sq.jpg,/targets/a8e640e0d71b9913d80e5e68.webp,8cf41e1522a2c4454c462c110456efd34568a4fe15c9d5620859333bd51e7261
Alfa-09022021-004#thread000,Blue-GrayGnatcatcher_sq,resolved,normalized exact,validated repeat-source session,1,a8e640e0d71b9913d80e5e68,Alfa-09022021-002,2020-CosineEvol/2021-02-09-Alfa-refRepr/Blue-GrayGnatcatcher_sq.jpg,/targets/a8e640e0d71b9913d80e5e68.webp,8cf41e1522a2c4454c462c110456efd34568a4fe15c9d5620859333bd51e7261
Alfa-09022021-005#thread000,apple_sq,resolved,normalized exact,validated repeat-source session,1,40134be2b4a521b3eaf4a81e,Alfa-09022021-002,2020-CosineEvol/2021-02-09-Alfa-refRepr/apple_sq.jpg,/targets/40134be2b4a521b3eaf4a81e.webp,240fbb3e5e94a823fa98ae7c8bd3a0f9137d81f6b7dd36342e37f4a0d4fae35c
Alfa-09022021-006#thread000,apple_sq,resolved,normalized exact,validated repeat-source session,1,40134be2b4a521b3eaf4a81e,Alfa-09022021-002,2020-CosineEvol/2021-02-09-Alfa-refRepr/apple_sq.jpg,/targets/40134be2b4a521b3eaf4a81e.webp,240fbb3e5e94a823fa98ae7c8bd3a0f9137d81f6b7dd36342e37f4a0d4fae35c
Alfa-11022021-005#thread000,apple_sq,resolved,normalized exact,validated repeat-source session,1,afc55d17579b94f2c26f93ea,Alfa-11022021-002,2020-CosineEvol/2021-02-11-Alfa-refRepr/apple_sq.jpg,/targets/afc55d17579b94f2c26f93ea.webp,240fbb3e5e94a823fa98ae7c8bd3a0f9137d81f6b7dd36342e37f4a0d4fae35c
Alfa-11022021-006#thread000,apple_sq,resolved,normalized exact,validated repeat-source session,1,afc55d17579b94f2c26f93ea,Alfa-11022021-002,2020-CosineEvol/2021-02-11-Alfa-refRepr/apple_sq.jpg,/targets/afc55d17579b94f2c26f93ea.webp,240fbb3e5e94a823fa98ae7c8bd3a0f9137d81f6b7dd36342e37f4a0d4fae35c
Alfa-11022021-007#thread000,apple_sq,resolved,normalized exact,validated repeat-source session,1,afc55d17579b94f2c26f93ea,Alfa-11022021-002,2020-CosineEvol/2021-02-11-Alfa-refRepr/apple_sq.jpg,/targets/afc55d17579b94f2c26f93ea.webp,240fbb3e5e94a823fa98ae7c8bd3a0f9137d81f6b7dd36342e37f4a0d4fae35c
Alfa-11022021-008#thread000,apple_sq,resolved,normalized exact,validated repeat-source session,1,afc55d17579b94f2c26f93ea,Alfa-11022021-002,2020-CosineEvol/2021-02-11-Alfa-refRepr/apple_sq.jpg,/targets/afc55d17579b94f2c26f93ea.webp,240fbb3e5e94a823fa98ae7c8bd3a0f9137d81f6b7dd36342e37f4a0d4fae35c
Alfa-12022021-004#thread000,08-cat-cancer-sq,resolved,normalized exact,validated repeat-source session,1,35e6858324ef4338b32e3d4b,Alfa-12022021-002,2020-CosineEvol/2021-02-12-Alfa-refRepr/08-cat-cancer-sq.jpeg,/targets/35e6858324ef4338b32e3d4b.webp,88579c45071400795b8210254a9201bb2de0e28cee19d9086ca8a45ee0c902cd
Alfa-12022021-005#thread000,08-cat-cancer-sq,resolved,normalized exact,validated repeat-source session,1,35e6858324ef4338b32e3d4b,Alfa-12022021-002,2020-CosineEvol/2021-02-12-Alfa-refRepr/08-cat-cancer-sq.jpeg,/targets/35e6858324ef4338b32e3d4b.webp,88579c45071400795b8210254a9201bb2de0e28cee19d9086ca8a45ee0c902cd
Alfa-12022021-006#thread000,08-cat-cancer-sq,resolved,normalized exact,validated repeat-source session,1,35e6858324ef4338b32e3d4b,Alfa-12022021-002,2020-CosineEvol/2021-02-12-Alfa-refRepr/08-cat-cancer-sq.jpeg,/targets/35e6858324ef4338b32e3d4b.webp,88579c45071400795b8210254a9201bb2de0e28cee19d9086ca8a45ee0c902cd
Alfa-18022021-005#thread000,08-cat-cancer-sq,resolved,normalized exact,validated repeat-source session,1,a9f5968bd333d89dd66c8a17,Alfa-18022021-002,2020-CosineEvol/2021-02-18-Alfa-refRepr/08-cat-cancer-sq.jpeg,/targets/a9f5968bd333d89dd66c8a17.webp,88579c45071400795b8210254a9201bb2de0e28cee19d9086ca8a45ee0c902cd
Alfa-18022021-006#thread000,08-cat-cancer-sq,resolved,normalized exact,validated repeat-source session,1,a9f5968bd333d89dd66c8a17,Alfa-18022021-002,2020-CosineEvol/2021-02-18-Alfa-refRepr/08-cat-cancer-sq.jpeg,/targets/a9f5968bd333d89dd66c8a17.webp,88579c45071400795b8210254a9201bb2de0e28cee19d9086ca8a45ee0c902cd
Alfa-25022021-005#thread000,09,resolved,normalized exact,validated repeat-source session,1,65bbdae13b760e8f2475cb95,Alfa-25022021-003,2020-CosineEvol/2021-02-25-Alfa-refRepr/09.jpg,/targets/65bbdae13b760e8f2475cb95.webp,66911257bb196724372321c5643d85821d60947339fdf89404a33be1818ca756
Alfa-25022021-006#thread000,09,resolved,normalized exact,validated repeat-source session,1,65bbdae13b760e8f2475cb95,Alfa-25022021-003,2020-CosineEvol/2021-02-25-Alfa-refRepr/09.jpg,/targets/65bbdae13b760e8f2475cb95.webp,66911257bb196724372321c5643d85821d60947339fdf89404a33be1818ca756
Alfa-25022021-007#thread000,09,resolved,normalized exact,validated repeat-source session,1,65bbdae13b760e8f2475cb95,Alfa-25022021-003,2020-CosineEvol/2021-02-25-Alfa-refRepr/09.jpg,/targets/65bbdae13b760e8f2475cb95.webp,66911257bb196724372321c5643d85821d60947339fdf89404a33be1818ca756
Alfa-02032021-003#thread000,n03100240_13397,resolved,normalized exact,validated repeat-source session,1,51fb9a2654a545d549d5816a,Alfa-02032021-002,2020-CosineEvol/2021-03-02-Alfa-refRepr/n03100240_13397.bmp,/targets/51fb9a2654a545d549d5816a.webp,d7c98692851440df56d037b142d4b82f2481086aabae1c3939541165ad74c0ee
Alfa-02032021-004#thread000,n03100240_13397,resolved,normalized exact,validated repeat-source session,1,51fb9a2654a545d549d5816a,Alfa-02032021-002,2020-CosineEvol/2021-03-02-Alfa-refRepr/n03100240_13397.bmp,/targets/51fb9a2654a545d549d5816a.webp,d7c98692851440df56d037b142d4b82f2481086aabae1c3939541165ad74c0ee
Alfa-02032021-005#thread000,n03100240_13397,resolved,normalized exact,validated repeat-source session,1,51fb9a2654a545d549d5816a,Alfa-02032021-002,2020-CosineEvol/2021-03-02-Alfa-refRepr/n03100240_13397.bmp,/targets/51fb9a2654a545d549d5816a.webp,d7c98692851440df56d037b142d4b82f2481086aabae1c3939541165ad74c0ee
Alfa-02032021-006#thread000,07_face_human_13_sh,resolved,normalized exact,validated repeat-source session,1,68b06e813e1bb893602c1fa6,Alfa-02032021-002,2020-CosineEvol/2021-03-02-Alfa-refRepr/07_face_human_13_sh.jpg,/targets/68b06e813e1bb893602c1fa6.webp,e76279ec0a605392896efb174cc7a47ead03e87bd6712e3e622a9141fe07e4f2
Alfa-02032021-007#thread000,07_face_human_13_sh,resolved,normalized exact,validated repeat-source session,1,68b06e813e1bb893602c1fa6,Alfa-02032021-002,2020-CosineEvol/2021-03-02-Alfa-refRepr/07_face_human_13_sh.jpg,/targets/68b06e813e1bb893602c1fa6.webp,e76279ec0a605392896efb174cc7a47ead03e87bd6712e3e622a9141fe07e4f2
Alfa-04032021-003#thread000,07_face_human_13_sh,resolved,normalized exact,validated repeat-source session,1,5740fd5461dad26a384182b4,Alfa-04032021-002,2020-CosineEvol/2021-03-04-Alfa-refRepr/07_face_human_13_sh.jpg,/targets/5740fd5461dad26a384182b4.webp,e76279ec0a605392896efb174cc7a47ead03e87bd6712e3e622a9141fe07e4f2
Alfa-04032021-004#thread000,07_face_human_13_sh,resolved,normalized exact,validated repeat-source session,1,5740fd5461dad26a384182b4,Alfa-04032021-002,2020-CosineEvol/2021-03-04-Alfa-refRepr/07_face_human_13_sh.jpg,/targets/5740fd5461dad26a384182b4.webp,e76279ec0a605392896efb174cc7a47ead03e87bd6712e3e622a9141fe07e4f2
Alfa-04032021-005#thread000,07_face_human_13_sh,resolved,normalized exact,validated repeat-source session,1,5740fd5461dad26a384182b4,Alfa-04032021-002,2020-CosineEvol/2021-03-04-Alfa-refRepr/07_face_human_13_sh.jpg,/targets/5740fd5461dad26a384182b4.webp,e76279ec0a605392896efb174cc7a47ead03e87bd6712e3e622a9141fe07e4f2
Alfa-09032021-004#thread000,gabor_ori_120_freq_1.00,resolved,normalized exact,validated repeat-source session,1,f5b2bc5357be90a217bd2d32,Alfa-09032021-003,2020-CosineEvol/2021-03-09-Alfa-refRepr/gabor_ori_120_freq_1.00.jpg,/targets/f5b2bc5357be90a217bd2d32.webp,355835a32cfdc8225330caa39bd831b1cda2c0f7c2971e28be95f218a999d5d7
Alfa-09032021-005#thread000,gabor_ori_120_freq_1.00,resolved,normalized exact,validated repeat-source session,1,f5b2bc5357be90a217bd2d32,Alfa-09032021-003,2020-CosineEvol/2021-03-09-Alfa-refRepr/gabor_ori_120_freq_1.00.jpg,/targets/f5b2bc5357be90a217bd2d32.webp,355835a32cfdc8225330caa39bd831b1cda2c0f7c2971e28be95f218a999d5d7
Alfa-09032021-006#thread000,gabor.jpg8,resolved,normalized exact,validated repeat-source session,1,658e1f44fbea963a54dba9cf,Alfa-09032021-003,2020-CosineEvol/2021-03-09-Alfa-refRepr/gabor.jpg8.bmp,/targets/658e1f44fbea963a54dba9cf.webp,8866803ab1246524eb3433189d3ff4df035c65ce5f27cad7a6434bcfa17c324c
Alfa-09032021-007#thread000,gabor.jpg8,resolved,normalized exact,validated repeat-source session,1,658e1f44fbea963a54dba9cf,Alfa-09032021-003,2020-CosineEvol/2021-03-09-Alfa-refRepr/gabor.jpg8.bmp,/targets/658e1f44fbea963a54dba9cf.webp,8866803ab1246524eb3433189d3ff4df035c65ce5f27cad7a6434bcfa17c324c
Alfa-11032021-004#thread000,Frigatebird-sq,resolved,normalized exact,validated repeat-source session,1,d79a903f0cd373afa2077575,Alfa-11032021-002,2020-CosineEvol/2021-03-11-Alfa-refRepr/Frigatebird-sq.jpg,/targets/d79a903f0cd373afa2077575.webp,f7804d8f3e18b7c92c3b969e2d5513dbebcb3ffe7b593a8cf8e437c4abfd6d22
Alfa-11032021-005#thread000,Frigatebird-sq,resolved,normalized exact,validated repeat-source session,1,d79a903f0cd373afa2077575,Alfa-11032021-002,2020-CosineEvol/2021-03-11-Alfa-refRepr/Frigatebird-sq.jpg,/targets/d79a903f0cd373afa2077575.webp,f7804d8f3e18b7c92c3b969e2d5513dbebcb3ffe7b593a8cf8e437c4abfd6d22
Alfa-11032021-006#thread000,objects-familiar-10,resolved,normalized exact,validated repeat-source session,1,4816ac9860b58c892aa6a525,Alfa-11032021-002,2020-CosineEvol/2021-03-11-Alfa-refRepr/objects-familiar-10.bmp,/targets/4816ac9860b58c892aa6a525.webp,923a1b2423db532c038772e2e7908b73d190d112b9c5f8be38da01f972d52182
Alfa-23032021-003#thread000,Grapes_sq,resolved,normalized exact,validated repeat-source session,1,07f2ea8364c3ab15b34da929,Alfa-23032021-002,2020-CosineEvol/2021-03-23-Alfa-refRepr/Grapes_sq.jpg,/targets/07f2ea8364c3ab15b34da929.webp,f1f6916eab7fcd7db33168961cfaa21a6a3ab8de00e0894a78ba944ef31d79e8
Alfa-23032021-005#thread000,n07717556_398,resolved,normalized exact,validated repeat-source session,1,aed22781351fd17d444a31d9,Alfa-23032021-002,2020-CosineEvol/2021-03-23-Alfa-refRepr/n07717556_398.bmp,/targets/aed22781351fd17d444a31d9.webp,87743b9a4306516fac802f91f4ad79f41f23638676454a2bb539537b04f9c693
Alfa-23032021-006#thread000,11_objects-familiar-17,resolved,normalized exact,validated repeat-source session,1,efe3e26b87fb22aa01e62637,Alfa-23032021-002,2020-CosineEvol/2021-03-23-Alfa-refRepr/11_objects-familiar-17.bmp,/targets/efe3e26b87fb22aa01e62637.webp,2512788279b4f9183fab6abe242201615abbfdc812966201fff25fccf80ab21e
Alfa-23032021-007#thread000,objects-familiar-11,resolved,normalized exact,validated repeat-source session,1,2bc3ebf693988f5abcea7beb,Alfa-23032021-002,2020-CosineEvol/2021-03-23-Alfa-refRepr/objects-familiar-11.bmp,/targets/2bc3ebf693988f5abcea7beb.webp,701519d3ab7eeb76d0a90339f5f9eee2c408ab390b016b40dd58a37da6ca48d6
Alfa-23032021-008#thread000,17,resolved,normalized exact,validated repeat-source session,1,9c9b005cc359281c545bd8f3,Alfa-23032021-002,2020-CosineEvol/2021-03-23-Alfa-refRepr/17.bmp,/targets/9c9b005cc359281c545bd8f3.webp,41064bff57dd0afbd0a10fd703f7da4819bfdb92fcd05ccc2dc254b638083a88
Alfa-25032021-003#thread000,17,resolved,normalized exact,validated repeat-source session,1,c03dd41b7e76766ee72693c1,Alfa-25032021-002,2020-CosineEvol/2021-03-25-Alfa-refRepr/17.bmp,/targets/c03dd41b7e76766ee72693c1.webp,41064bff57dd0afbd0a10fd703f7da4819bfdb92fcd05ccc2dc254b638083a88
Alfa-25032021-004#thread000,n07717556_398,resolved,normalized exact,validated repeat-source session,1,b46664c45b15344970898984,Alfa-25032021-002,2020-CosineEvol/2021-03-25-Alfa-refRepr/n07717556_398.bmp,/targets/b46664c45b15344970898984.webp,87743b9a4306516fac802f91f4ad79f41f23638676454a2bb539537b04f9c693
Alfa-25032021-005#thread000,Grapes_sq,resolved,normalized exact,validated repeat-source session,1,a8a685ed60e2389db5fee3f4,Alfa-25032021-002,2020-CosineEvol/2021-03-25-Alfa-refRepr/Grapes_sq.jpg,/targets/a8a685ed60e2389db5fee3f4.webp,f1f6916eab7fcd7db33168961cfaa21a6a3ab8de00e0894a78ba944ef31d79e8
Alfa-30032021-012#thread000,01_18,resolved,normalized exact,validated repeat-source session,1,d825dc3d3ac7347ad6f1f0d8,Alfa-30032021-010,2020-CosineEvol/2021-03-30-Alfa-refRepr/01_18.bmp,/targets/d825dc3d3ac7347ad6f1f0d8.webp,0642096429b7d5cbb8ba71fa8624fc8b99a9656ee06071273729659f372ac0a4
Alfa-30032021-013#thread000,objects-familiar-11,resolved,normalized exact,validated repeat-source session,1,2d9d960da34fcfef38e59340,Alfa-30032021-010,2020-CosineEvol/2021-03-30-Alfa-refRepr/objects-familiar-11.bmp,/targets/2d9d960da34fcfef38e59340.webp,701519d3ab7eeb76d0a90339f5f9eee2c408ab390b016b40dd58a37da6ca48d6
Alfa-01042021-005#thread000,objects-familiar-10,resolved,normalized exact,validated repeat-source session,1,0ad6ef87b338d5366ed50c91,Alfa-01042021-003,2020-CosineEvol/2021-04-01-Alfa-refRepr/objects-familiar-10.bmp,/targets/0ad6ef87b338d5366ed50c91.webp,923a1b2423db532c038772e2e7908b73d190d112b9c5f8be38da01f972d52182
Alfa-02042021-003#thread000,08-cat-cancer-sq,resolved,normalized exact,validated repeat-source session,1,6908eb175cd960a739108943,Alfa-02042021-002,2020-CosineEvol/2021-04-02-Alfa-refRepr/08-cat-cancer-sq.jpeg,/targets/6908eb175cd960a739108943.webp,88579c45071400795b8210254a9201bb2de0e28cee19d9086ca8a45ee0c902cd
Alfa-02042021-004#thread000,apple_sq,resolved,normalized exact,validated repeat-source session,1,d857abd59d2b91c450c575fe,Alfa-02042021-002,2020-CosineEvol/2021-04-02-Alfa-refRepr/apple_sq.jpg,/targets/d857abd59d2b91c450c575fe.webp,240fbb3e5e94a823fa98ae7c8bd3a0f9137d81f6b7dd36342e37f4a0d4fae35c
Alfa-02042021-005#thread000,apple_sq,resolved,normalized exact,validated repeat-source session,1,d857abd59d2b91c450c575fe,Alfa-02042021-002,2020-CosineEvol/2021-04-02-Alfa-refRepr/apple_sq.jpg,/targets/d857abd59d2b91c450c575fe.webp,240fbb3e5e94a823fa98ae7c8bd3a0f9137d81f6b7dd36342e37f4a0d4fae35c
Alfa-08042021-006#thread000,n03450230_4398,resolved,normalized exact,validated repeat-source session,1,83c54a5edbc2ec7f70238e6e,Alfa-08042021-005,2020-CosineEvol/2021-04-08-Alfa-refRepr/n03450230_4398.JPEG,/targets/83c54a5edbc2ec7f70238e6e.webp,9d380723f0cf8f114e8b3b12f5ebb23bedca044b36aa3996251d0dbd657b53ba
Alfa-08042021-007#thread000,07_face_human_13_sh,resolved,normalized exact,validated repeat-source session,1,5dc9a8fe803210bb64904c3e,Alfa-08042021-005,2020-CosineEvol/2021-04-08-Alfa-refRepr/07_face_human_13_sh.jpg,/targets/5dc9a8fe803210bb64904c3e.webp,e76279ec0a605392896efb174cc7a47ead03e87bd6712e3e622a9141fe07e4f2
Alfa-13042021-003#thread000,P1030838,resolved,normalized exact,validated repeat-source session,1,5fee9537deb3ef290674d514,Alfa-13042021-002,2020-CosineEvol/2021-04-13-Alfa-refRepr/P1030838.bmp,/targets/5fee9537deb3ef290674d514.webp,69b02e0d66d8880108429cb9e5ae443f9acc43bc61bc3a3bc1e4be7fc35c8646
Alfa-13042021-004#thread000,block119_gen_Chan247plants_15_backup_tex.jpg_receptive_field,resolved,normalized exact,validated repeat-source session,1,a18862d9643de5364cbfca82,Alfa-13042021-002,2020-CosineEvol/2021-04-13-Alfa-refRepr/block119_gen_Chan247plants_15_backup_tex.jpg_receptive_field.jpg,/targets/a18862d9643de5364cbfca82.webp,3be60619e5d1ba7a1d6ba1ff0949a6c8b484a2cfdcb01384310c3597637a21bd
Alfa-13042021-005#thread000,block119_gen_Chan247plants_15_backup_tex.jpg_receptive_field,resolved,normalized exact,validated repeat-source session,1,a18862d9643de5364cbfca82,Alfa-13042021-002,2020-CosineEvol/2021-04-13-Alfa-refRepr/block119_gen_Chan247plants_15_backup_tex.jpg_receptive_field.jpg,/targets/a18862d9643de5364cbfca82.webp,3be60619e5d1ba7a1d6ba1ff0949a6c8b484a2cfdcb01384310c3597637a21bd
Alfa-13042021-006#thread000,n03530642_1271,resolved,normalized exact,validated repeat-source session,1,6a6821d02293aee8d225eb28,Alfa-13042021-002,2020-CosineEvol/2021-04-13-Alfa-refRepr/n03530642_1271.bmp,/targets/6a6821d02293aee8d225eb28.webp,6d806ab5a5ec60716afc2980fd962c1614a4f6fcbd69d1389457ac9d032f2fb7
Alfa-13042021-007#thread000,n03530642_1271,resolved,normalized exact,validated repeat-source session,1,6a6821d02293aee8d225eb28,Alfa-13042021-002,2020-CosineEvol/2021-04-13-Alfa-refRepr/n03530642_1271.bmp,/targets/6a6821d02293aee8d225eb28.webp,6d806ab5a5ec60716afc2980fd962c1614a4f6fcbd69d1389457ac9d032f2fb7
Alfa-15042021-004#thread000,Frigatebird-sq,resolved,normalized exact,validated repeat-source session,1,e18c57549b59887a9c1827bc,Alfa-15042021-003,2020-CosineEvol/2021-04-15-Alfa-refRepr/Frigatebird-sq.jpg,/targets/e18c57549b59887a9c1827bc.webp,f7804d8f3e18b7c92c3b969e2d5513dbebcb3ffe7b593a8cf8e437c4abfd6d22
Alfa-15042021-005#thread000,03_n04417672_1074,resolved,normalized exact,validated repeat-source session,1,1cdda1e11aad0dd5c5369c83,Alfa-15042021-003,2020-CosineEvol/2021-04-15-Alfa-refRepr/03_n04417672_1074.bmp,/targets/1cdda1e11aad0dd5c5369c83.webp,25ed5106523c28343256267e6a1656a89f636ca288f323d76ca901c310708060
Beto-18012022-004#thread000,01_18,resolved,normalized exact,validated repeat-source session,1,98efd1e95de8f4f915344073,Beto-18012022-002,2020-CosineEvol/2022-01-18-Beto-refRepr/01_18.bmp,/targets/98efd1e95de8f4f915344073.webp,0642096429b7d5cbb8ba71fa8624fc8b99a9656ee06071273729659f372ac0a4
Beto-18012022-005#thread000,n03450230_4398,resolved,normalized exact,validated repeat-source session,1,9a07a771be72d610c435a081,Beto-18012022-002,2020-CosineEvol/2022-01-18-Beto-refRepr/n03450230_4398.JPEG,/targets/9a07a771be72d610c435a081.webp,9d380723f0cf8f114e8b3b12f5ebb23bedca044b36aa3996251d0dbd657b53ba
Beto-18012022-006#thread000,n03450230_4398,resolved,normalized exact,validated repeat-source session,1,9a07a771be72d610c435a081,Beto-18012022-002,2020-CosineEvol/2022-01-18-Beto-refRepr/n03450230_4398.JPEG,/targets/9a07a771be72d610c435a081.webp,9d380723f0cf8f114e8b3b12f5ebb23bedca044b36aa3996251d0dbd657b53ba
Beto-18012022-007#thread000,n03450230_4398,resolved,normalized exact,validated repeat-source session,1,9a07a771be72d610c435a081,Beto-18012022-002,2020-CosineEvol/2022-01-18-Beto-refRepr/n03450230_4398.JPEG,/targets/9a07a771be72d610c435a081.webp,9d380723f0cf8f114e8b3b12f5ebb23bedca044b36aa3996251d0dbd657b53ba
Beto-19012022-003#thread000,08-cat-cancer-sq,resolved,normalized exact,validated repeat-source session,1,7acf587d8956ffbb565ff7da,Beto-19012022-002,2020-CosineEvol/2022-01-19-Beto-refRepr/08-cat-cancer-sq.jpeg,/targets/7acf587d8956ffbb565ff7da.webp,88579c45071400795b8210254a9201bb2de0e28cee19d9086ca8a45ee0c902cd
Beto-19012022-004#thread000,08-cat-cancer-sq,resolved,normalized exact,validated repeat-source session,1,7acf587d8956ffbb565ff7da,Beto-19012022-002,2020-CosineEvol/2022-01-19-Beto-refRepr/08-cat-cancer-sq.jpeg,/targets/7acf587d8956ffbb565ff7da.webp,88579c45071400795b8210254a9201bb2de0e28cee19d9086ca8a45ee0c902cd
Beto-19012022-005#thread000,n03450230_4398,resolved,normalized exact,validated repeat-source session,1,14ba879cbde738dd1843f1b9,Beto-19012022-002,2020-CosineEvol/2022-01-19-Beto-refRepr/n03450230_4398.JPEG,/targets/14ba879cbde738dd1843f1b9.webp,9d380723f0cf8f114e8b3b12f5ebb23bedca044b36aa3996251d0dbd657b53ba
Beto-19012022-006#thread000,n03450230_4398,resolved,normalized exact,validated repeat-source session,1,14ba879cbde738dd1843f1b9,Beto-19012022-002,2020-CosineEvol/2022-01-19-Beto-refRepr/n03450230_4398.JPEG,/targets/14ba879cbde738dd1843f1b9.webp,9d380723f0cf8f114e8b3b12f5ebb23bedca044b36aa3996251d0dbd657b53ba
Beto-25022022-003#thread000,tree (5),resolved,normalized exact,validated repeat-source session,1,be55968b3993a796f6daf4ee,Beto-25022022-002,2020-CosineEvol/2022-02-25-Beto-refRepr/tree (5).jpg,/targets/be55968b3993a796f6daf4ee.webp,3d065b6846ed7ecac08dff197b1a48a926e999937100f72ab37c14799fd48d3d
Beto-25022022-004#thread000,08-cat-cancer-sq,resolved,normalized exact,validated repeat-source session,1,f5533c2ad215bcef7c3ffb62,Beto-25022022-002,2020-CosineEvol/2022-02-25-Beto-refRepr/08-cat-cancer-sq.jpeg,/targets/f5533c2ad215bcef7c3ffb62.webp,88579c45071400795b8210254a9201bb2de0e28cee19d9086ca8a45ee0c902cd
Beto-25022022-005#thread000,P1030838,resolved,normalized exact,validated repeat-source session,1,22c3e8949a02fb8beb8ed910,Beto-25022022-002,2020-CosineEvol/2022-02-25-Beto-refRepr/P1030838.bmp,/targets/22c3e8949a02fb8beb8ed910.webp,69b02e0d66d8880108429cb9e5ae443f9acc43bc61bc3a3bc1e4be7fc35c8646
Beto-25022022-006#thread000,Capybaras,resolved,normalized exact,validated repeat-source session,1,282ab8ffe5cc8b731289c0d6,Beto-25022022-002,2020-CosineEvol/2022-02-25-Beto-refRepr/Capybaras.jpg,/targets/282ab8ffe5cc8b731289c0d6.webp,95e0d924905ae89a2b551c203e41f0a415a42b2a808d62c658474efe76301d64
Beto-25022022-007#thread000,Frigatebird-sq,resolved,normalized exact,validated repeat-source session,1,1a8c9394828467de7ce7c100,Beto-25022022-002,2020-CosineEvol/2022-02-25-Beto-refRepr/Frigatebird-sq.jpg,/targets/1a8c9394828467de7ce7c100.webp,f7804d8f3e18b7c92c3b969e2d5513dbebcb3ffe7b593a8cf8e437c4abfd6d22
Beto-28022022-003#thread000,gabor_ori_120_freq_0.50,resolved,normalized exact,validated repeat-source session,1,9da94941ffc5ae7c5f5e0445,Beto-28022022-002,2020-CosineEvol/2022-02-28-Beto-refRepr/gabor_ori_120_freq_0.50.jpg,/targets/9da94941ffc5ae7c5f5e0445.webp,bc7236be3be2efac885a3b4502e70409a82b6718a5b49d457b21881cfce4429d
Beto-28022022-004#thread000,monkeys_13,resolved,normalized exact,validated repeat-source session,1,74fb890db5a5155ea48732df,Beto-28022022-002,2020-CosineEvol/2022-02-28-Beto-refRepr/monkeys_13.jpg,/targets/74fb890db5a5155ea48732df.webp,f7885a54e65bd4bfbc6cf23ae10bc48273a03f3c874aaf03b28821909fbe6dd8
Beto-28022022-005#thread000,Tree-pareidolia-1024x1544,resolved,normalized exact,validated repeat-source session,1,9ed7990b8aa8f9f0e65bdd46,Beto-28022022-002,2020-CosineEvol/2022-02-28-Beto-refRepr/Tree-pareidolia-1024x1544.jpg,/targets/9ed7990b8aa8f9f0e65bdd46.webp,6dc7b5f5f623c5fe4dbf5e36646cf56d4dd4013179a895bd117787994c1e6b8c
Beto-28022022-008#thread000,block119_gen_Chan247plants_15_backup_tex.jpg_receptive_field,resolved,normalized exact,validated repeat-source session,1,f36189325b559e41e56f62ca,Beto-28022022-002,2020-CosineEvol/2022-02-28-Beto-refRepr/block119_gen_Chan247plants_15_backup_tex.jpg_receptive_field.jpg,/targets/f36189325b559e41e56f62ca.webp,3be60619e5d1ba7a1d6ba1ff0949a6c8b484a2cfdcb01384310c3597637a21bd
Beto-02032022-003#thread000,Grapes_sq,resolved,normalized exact,validated repeat-source session,1,1192a27a7ef33baf50c01dae,Beto-02032022-002,2020-CosineEvol/2022-03-02-Beto-refRepr/Grapes_sq.jpg,/targets/1192a27a7ef33baf50c01dae.webp,f1f6916eab7fcd7db33168961cfaa21a6a3ab8de00e0894a78ba944ef31d79e8
Beto-02032022-004#thread000,Grapes_sq,resolved,normalized exact,validated repeat-source session,1,1192a27a7ef33baf50c01dae,Beto-02032022-002,2020-CosineEvol/2022-03-02-Beto-refRepr/Grapes_sq.jpg,/targets/1192a27a7ef33baf50c01dae.webp,f1f6916eab7fcd7db33168961cfaa21a6a3ab8de00e0894a78ba944ef31d79e8
Beto-02032022-005#thread000,animals_5_,resolved,normalized exact,validated repeat-source session,1,578be7d3f0574f66cf2e8f7e,Beto-02032022-002,2020-CosineEvol/2022-03-02-Beto-refRepr/animals_5_.jpg,/targets/578be7d3f0574f66cf2e8f7e.webp,06384473fc98311ef81e998ac74dfef537cba355e6f48735008f97a68dc2fee3
Beto-02032022-006#thread000,animals_5_,resolved,normalized exact,validated repeat-source session,1,578be7d3f0574f66cf2e8f7e,Beto-02032022-002,2020-CosineEvol/2022-03-02-Beto-refRepr/animals_5_.jpg,/targets/578be7d3f0574f66cf2e8f7e.webp,06384473fc98311ef81e998ac74dfef537cba355e6f48735008f97a68dc2fee3
Beto-07032022-003#thread000,Cat_and_Kitten,resolved,normalized exact,validated repeat-source session,1,2214fdad8f2e7465200c0cde,Beto-07032022-002,2020-CosineEvol/2022-03-07-Beto-refRepr/Cat_and_Kitten.jpg,/targets/2214fdad8f2e7465200c0cde.webp,53747dd1951b286202ce29ba48fd652c49de7863cd925defb408c4d6939c0093
Beto-07032022-004#thread000,Cat_and_Kitten,resolved,normalized exact,validated repeat-source session,1,2214fdad8f2e7465200c0cde,Beto-07032022-002,2020-CosineEvol/2022-03-07-Beto-refRepr/Cat_and_Kitten.jpg,/targets/2214fdad8f2e7465200c0cde.webp,53747dd1951b286202ce29ba48fd652c49de7863cd925defb408c4d6939c0093
Beto-07032022-005#thread000,Cat_and_Kitten,resolved,normalized exact,validated repeat-source session,1,2214fdad8f2e7465200c0cde,Beto-07032022-002,2020-CosineEvol/2022-03-07-Beto-refRepr/Cat_and_Kitten.jpg,/targets/2214fdad8f2e7465200c0cde.webp,53747dd1951b286202ce29ba48fd652c49de7863cd925defb408c4d6939c0093
Beto-07032022-006#thread000,Cat_and_Kitten,resolved,normalized exact,validated repeat-source session,1,2214fdad8f2e7465200c0cde,Beto-07032022-002,2020-CosineEvol/2022-03-07-Beto-refRepr/Cat_and_Kitten.jpg,/targets/2214fdad8f2e7465200c0cde.webp,53747dd1951b286202ce29ba48fd652c49de7863cd925defb408c4d6939c0093
Beto-07032022-007#thread000,Cat_and_Kitten,resolved,normalized exact,validated repeat-source session,1,2214fdad8f2e7465200c0cde,Beto-07032022-002,2020-CosineEvol/2022-03-07-Beto-refRepr/Cat_and_Kitten.jpg,/targets/2214fdad8f2e7465200c0cde.webp,53747dd1951b286202ce29ba48fd652c49de7863cd925defb408c4d6939c0093
Beto-09032022-003#thread000,Blue-GrayGnatcatcher_sq,resolved,normalized exact,validated repeat-source session,1,b6f2fdfab7fa13ee89dbfffa,Beto-09032022-002,2020-CosineEvol/2022-03-09-Beto-refRepr/Blue-GrayGnatcatcher_sq.jpg,/targets/b6f2fdfab7fa13ee89dbfffa.webp,8cf41e1522a2c4454c462c110456efd34568a4fe15c9d5620859333bd51e7261
Beto-09032022-004#thread000,Blue-GrayGnatcatcher_sq,resolved,normalized exact,validated repeat-source session,1,b6f2fdfab7fa13ee89dbfffa,Beto-09032022-002,2020-CosineEvol/2022-03-09-Beto-refRepr/Blue-GrayGnatcatcher_sq.jpg,/targets/b6f2fdfab7fa13ee89dbfffa.webp,8cf41e1522a2c4454c462c110456efd34568a4fe15c9d5620859333bd51e7261
Beto-09032022-005#thread000,animals_12_,resolved,normalized exact,validated repeat-source session,1,083d0b0ee1e70c86314abce9,Beto-09032022-002,2020-CosineEvol/2022-03-09-Beto-refRepr/animals_12_.jpg,/targets/083d0b0ee1e70c86314abce9.webp,eb92f162aca32e6b1ee0463cd655c2cda3b6fcfe8a7cc4d8e078a6f444b6b8b8
Beto-09032022-006#thread000,animals_12_,resolved,normalized exact,validated repeat-source session,1,083d0b0ee1e70c86314abce9,Beto-09032022-002,2020-CosineEvol/2022-03-09-Beto-refRepr/animals_12_.jpg,/targets/083d0b0ee1e70c86314abce9.webp,eb92f162aca32e6b1ee0463cd655c2cda3b6fcfe8a7cc4d8e078a6f444b6b8b8
Beto-09032022-007#thread000,dogYawn (10),resolved,normalized exact,validated repeat-source session,1,470e6cf9bbc1566faf6e2096,Beto-09032022-002,2020-CosineEvol/2022-03-09-Beto-refRepr/dogYawn (10).jpg,/targets/470e6cf9bbc1566faf6e2096.webp,5f5f126713effdafe51ee3e1669b96ca9f5eec045bafdcf78f59606677e0fa10
Beto-11032022-003#thread000,Grapes_sq,resolved,normalized exact,validated repeat-source session,1,9f98466d499e069009df7e31,Beto-11032022-002,2020-CosineEvol/2022-03-11-Beto-refRepr/Grapes_sq.jpg,/targets/9f98466d499e069009df7e31.webp,f1f6916eab7fcd7db33168961cfaa21a6a3ab8de00e0894a78ba944ef31d79e8
Beto-11032022-004#thread000,Grapes_sq,resolved,normalized exact,validated repeat-source session,1,9f98466d499e069009df7e31,Beto-11032022-002,2020-CosineEvol/2022-03-11-Beto-refRepr/Grapes_sq.jpg,/targets/9f98466d499e069009df7e31.webp,f1f6916eab7fcd7db33168961cfaa21a6a3ab8de00e0894a78ba944ef31d79e8
Beto-11032022-005#thread000,Grapes_sq,resolved,normalized exact,validated repeat-source session,1,9f98466d499e069009df7e31,Beto-11032022-002,2020-CosineEvol/2022-03-11-Beto-refRepr/Grapes_sq.jpg,/targets/9f98466d499e069009df7e31.webp,f1f6916eab7fcd7db33168961cfaa21a6a3ab8de00e0894a78ba944ef31d79e8
Beto-11032022-006#thread000,block119_gen_Chan247plants_15_backup_tex.jpg_receptive_field,resolved,normalized exact,validated repeat-source session,1,02af73cc1ef69fdb56fba4c1,Beto-11032022-002,2020-CosineEvol/2022-03-11-Beto-refRepr/block119_gen_Chan247plants_15_backup_tex.jpg_receptive_field.jpg,/targets/02af73cc1ef69fdb56fba4c1.webp,3be60619e5d1ba7a1d6ba1ff0949a6c8b484a2cfdcb01384310c3597637a21bd
Beto-11032022-007#thread000,block119_gen_Chan247plants_15_backup_tex.jpg_receptive_field,resolved,normalized exact,validated repeat-source session,1,02af73cc1ef69fdb56fba4c1,Beto-11032022-002,2020-CosineEvol/2022-03-11-Beto-refRepr/block119_gen_Chan247plants_15_backup_tex.jpg_receptive_field.jpg,/targets/02af73cc1ef69fdb56fba4c1.webp,3be60619e5d1ba7a1d6ba1ff0949a6c8b484a2cfdcb01384310c3597637a21bd
Beto-04042022-004#thread000,Polarcc_03,resolved,normalized exact,validated repeat-source session,1,d78808475e692732ac7777f6,Beto-04042022-003,2020-CosineEvol/2022-04-04-Beto-refRepr/Polarcc_03.bmp,/targets/d78808475e692732ac7777f6.webp,25424d76d31e25d3832f435832edc215c42f03977cdaa0389421ad65bfb50666
Beto-04042022-005#thread000,Sinewave_06_225,resolved,normalized exact,validated repeat-source session,1,f2fb255d4410985703335e70,Beto-04042022-003,2020-CosineEvol/2022-04-04-Beto-refRepr/Sinewave_06_225.bmp,/targets/f2fb255d4410985703335e70.webp,667526af213bc1c500698b8467c775c5e59d4d0ae21d8941a4225763c2d55277
Beto-04042022-006#thread000,block119_gen_Chan247plants_15_backup_tex.jpg_receptive_field,resolved,normalized exact,validated repeat-source session,1,2185256e104181d2b8864407,Beto-04042022-003,2020-CosineEvol/2022-04-04-Beto-refRepr/block119_gen_Chan247plants_15_backup_tex.jpg_receptive_field.jpg,/targets/2185256e104181d2b8864407.webp,3be60619e5d1ba7a1d6ba1ff0949a6c8b484a2cfdcb01384310c3597637a21bd
Beto-04042022-007#thread000,objects-familiar-10,resolved,normalized exact,validated repeat-source session,1,4561557f0965098124b277e3,Beto-04042022-003,2020-CosineEvol/2022-04-04-Beto-refRepr/objects-familiar-10.bmp,/targets/4561557f0965098124b277e3.webp,923a1b2423db532c038772e2e7908b73d190d112b9c5f8be38da01f972d52182
Beto-04042022-008#thread000,animals_11_,resolved,normalized exact,validated repeat-source session,1,532df6a8a40d52298e5ef9b7,Beto-04042022-003,2020-CosineEvol/2022-04-04-Beto-refRepr/animals_11_.jpg,/targets/532df6a8a40d52298e5ef9b7.webp,e11d044faa8f18f779c2a35b04c2568e37af44b9d28e3e12e4e8544515ddce8e
Beto-04042022-009#thread000,Grapes_sq,resolved,normalized exact,validated repeat-source session,1,23425be3535fe6d03e889b14,Beto-04042022-003,2020-CosineEvol/2022-04-04-Beto-refRepr/Grapes_sq.jpg,/targets/23425be3535fe6d03e889b14.webp,f1f6916eab7fcd7db33168961cfaa21a6a3ab8de00e0894a78ba944ef31d79e8
Beto-06042022-003#thread000,Grapes_sq,resolved,normalized exact,validated repeat-source session,1,c97bd0346377fc1b299d9610,Beto-06042022-002,2020-CosineEvol/2022-04-06-Beto-refRepr/Grapes_sq.jpg,/targets/c97bd0346377fc1b299d9610.webp,f1f6916eab7fcd7db33168961cfaa21a6a3ab8de00e0894a78ba944ef31d79e8
Beto-06042022-004#thread000,Tree-pareidolia-1024x1544,resolved,normalized exact,validated repeat-source session,1,2cce8f2a161eb2a233335f31,Beto-06042022-002,2020-CosineEvol/2022-04-06-Beto-refRepr/Tree-pareidolia-1024x1544.jpg,/targets/2cce8f2a161eb2a233335f31.webp,6dc7b5f5f623c5fe4dbf5e36646cf56d4dd4013179a895bd117787994c1e6b8c
Beto-06042022-005#thread000,Tree-pareidolia-1024x1544,resolved,normalized exact,validated repeat-source session,1,2cce8f2a161eb2a233335f31,Beto-06042022-002,2020-CosineEvol/2022-04-06-Beto-refRepr/Tree-pareidolia-1024x1544.jpg,/targets/2cce8f2a161eb2a233335f31.webp,6dc7b5f5f623c5fe4dbf5e36646cf56d4dd4013179a895bd117787994c1e6b8c
Beto-06042022-006#thread000,block119_gen_Chan247plants_15_backup_tex.jpg_receptive_field,resolved,normalized exact,validated repeat-source session,1,70e6505d397b76ae5993a46b,Beto-06042022-002,2020-CosineEvol/2022-04-06-Beto-refRepr/block119_gen_Chan247plants_15_backup_tex.jpg_receptive_field.jpg,/targets/70e6505d397b76ae5993a46b.webp,3be60619e5d1ba7a1d6ba1ff0949a6c8b484a2cfdcb01384310c3597637a21bd
Beto-06042022-007#thread000,n03530642_1271,resolved,normalized exact,validated repeat-source session,1,66be18a81359ce3150ad796a,Beto-06042022-002,2020-CosineEvol/2022-04-06-Beto-refRepr/n03530642_1271.bmp,/targets/66be18a81359ce3150ad796a.webp,6d806ab5a5ec60716afc2980fd962c1614a4f6fcbd69d1389457ac9d032f2fb7
Beto-06042022-009#thread000,Grapes_sq,resolved,normalized exact,validated repeat-source session,1,c97bd0346377fc1b299d9610,Beto-06042022-002,2020-CosineEvol/2022-04-06-Beto-refRepr/Grapes_sq.jpg,/targets/c97bd0346377fc1b299d9610.webp,f1f6916eab7fcd7db33168961cfaa21a6a3ab8de00e0894a78ba944ef31d79e8
Caos-06112023-007#thread000,06,ambiguous-content,normalized exact,same animal-day selectivity sessions,2,,,,,
Caos-06112023-008#thread000,06,ambiguous-content,normalized exact,same animal-day selectivity sessions,2,,,,,
Caos-07112023-005#thread000,evolved,resolved,normalized exact,same animal-day selectivity sessions,1,48d115a02542487c05cb1520,Caos-07112023-004,Selectivity/2023/11-07-Caos-02/evolved.bmp,/targets/48d115a02542487c05cb1520.webp,1aac495792f637b3099cc51a81f4602fe4bd97c9b3164399cc2e6b32dc1c50ae
Caos-07112023-006#thread000,n01774384_495,resolved,normalized exact,same animal-day selectivity sessions,1,caca1e7631cb12c698d86449,Caos-07112023-004,Selectivity/2023/11-07-Caos-02/n01774384_495.JPEG,/targets/caca1e7631cb12c698d86449.webp,961f6447cd50c00137fbd9a4aaa203af0af9880a2e29b78c041323a02c808352
Caos-08112023-006#thread000,toy,resolved,normalized exact,same animal-day selectivity sessions,1,22240335a90b72c1b1017cc5,Caos-08112023-005,Selectivity/2023/11-08-Caos-02/toy.jpg,/targets/22240335a90b72c1b1017cc5.webp,27ca9c025a60f829d854d7e5c193a545e95d015f8d2014fe21e77584233207f9
Caos-08112023-007#thread000,toy,resolved,normalized exact,same animal-day selectivity sessions,1,22240335a90b72c1b1017cc5,Caos-08112023-005,Selectivity/2023/11-08-Caos-02/toy.jpg,/targets/22240335a90b72c1b1017cc5.webp,27ca9c025a60f829d854d7e5c193a545e95d015f8d2014fe21e77584233207f9
Caos-08112023-008#thread000,toy,resolved,normalized exact,same animal-day selectivity sessions,1,22240335a90b72c1b1017cc5,Caos-08112023-005,Selectivity/2023/11-08-Caos-02/toy.jpg,/targets/22240335a90b72c1b1017cc5.webp,27ca9c025a60f829d854d7e5c193a545e95d015f8d2014fe21e77584233207f9
Caos-08112023-009#thread000,toy,resolved,normalized exact,same animal-day selectivity sessions,1,22240335a90b72c1b1017cc5,Caos-08112023-005,Selectivity/2023/11-08-Caos-02/toy.jpg,/targets/22240335a90b72c1b1017cc5.webp,27ca9c025a60f829d854d7e5c193a545e95d015f8d2014fe21e77584233207f9
Caos-09112023-006#thread000,06,ambiguous-content,normalized exact,same animal-day selectivity sessions,2,,,,,
Caos-09112023-007#thread000,monkey (3),ambiguous-content,normalized exact,same animal-day selectivity sessions,2,,,,,
Caos-09112023-008#thread000,n01774384_495,ambiguous-content,normalized exact,same animal-day selectivity sessions,2,,,,,
Caos-10112023-006#thread000,monkeyFace (5),resolved,normalized exact,same animal-day selectivity sessions,1,171bb409bd0c761062766851,Caos-10112023-005,Selectivity/2023/11-10-Caos-01/monkeyFace (5).jpg,/targets/171bb409bd0c761062766851.webp,f2eaa20b6dc0242ecfb818844b5cbfb87e8f975c19790f1159f5a9db0966366b
Caos-10112023-007#thread000,monkeyFace (5),resolved,normalized exact,same animal-day selectivity sessions,1,171bb409bd0c761062766851,Caos-10112023-005,Selectivity/2023/11-10-Caos-01/monkeyFace (5).jpg,/targets/171bb409bd0c761062766851.webp,f2eaa20b6dc0242ecfb818844b5cbfb87e8f975c19790f1159f5a9db0966366b
Caos-16112023-005#thread000,labMembers (1),resolved,normalized exact,same animal-day selectivity sessions,1,2d8578ddb6ad3db04876cbd1,Caos-16112023-004,Selectivity/2023/11-16-Caos-01/labMembers (1).JPG,/targets/2d8578ddb6ad3db04876cbd1.webp,b8786b29d435b6fab01fedf991a0fb16b6a04e4990c8a60ac878bdd6e750a239
Caos-16112023-006#thread000,monkeyFearGrin (3),resolved,normalized exact,same animal-day selectivity sessions,1,528a571e72631521e4bd6359,Caos-16112023-004,Selectivity/2023/11-16-Caos-01/monkeyFearGrin (3).jpg,/targets/528a571e72631521e4bd6359.webp,7dbfdb3d2533df14273dcfae1d00bd41e587d35a1cc367b350aa2ac756ce70f3
Caos-16112023-007#thread000,monkeyFearGrin (3),resolved,normalized exact,same animal-day selectivity sessions,1,528a571e72631521e4bd6359,Caos-16112023-004,Selectivity/2023/11-16-Caos-01/monkeyFearGrin (3).jpg,/targets/528a571e72631521e4bd6359.webp,7dbfdb3d2533df14273dcfae1d00bd41e587d35a1cc367b350aa2ac756ce70f3
Caos-20112023-005#thread000,evolved,resolved,normalized exact,same animal-day selectivity sessions,1,48d115a02542487c05cb1520,Caos-20112023-004,Selectivity/2023/11-07-Caos-02/evolved.bmp,/targets/48d115a02542487c05cb1520.webp,1aac495792f637b3099cc51a81f4602fe4bd97c9b3164399cc2e6b32dc1c50ae
Caos-27112023-005#thread000,fruit (1),resolved,normalized exact,same animal-day selectivity sessions,1,aecc9f09c1b11833b6eb0c9b,Caos-27112023-004,Selectivity/2023/11-27-Caos-01/fruit (1).jpeg,/targets/aecc9f09c1b11833b6eb0c9b.webp,c951a21510aaa48126d292823e4230941d7a17d23f9215c7a9bff2cc79f6056f
Caos-27112023-006#thread000,monkeyMalePerinea (5),resolved,normalized exact,same animal-day selectivity sessions,1,d4c24cc54621e2e9b99cec54,Caos-27112023-004,Selectivity/2023/11-27-Caos-01/monkeyMalePerinea (5).JPG,/targets/d4c24cc54621e2e9b99cec54.webp,69e860baa1d2fe8130a1726e0222bbb3625866a7ab88db7fb0e1c81488f56c68
Caos-28112023-005#thread000,fruit (4),resolved,normalized exact,same animal-day selectivity sessions,1,dfbd52ee9ab8a779e6533305,Caos-28112023-003,Selectivity/2023/11-28-Caos-01/fruit (4).jpg,/targets/dfbd52ee9ab8a779e6533305.webp,92e4c82b8b766af035e97f733cfe934557822e03ba319c9462e2f1190544313a
Caos-28112023-006#thread000,foods_321882_1100,resolved,normalized exact,same animal-day selectivity sessions,1,d0aa09040482ef63b10b3428,Caos-28112023-003,Selectivity/2023/11-28-Caos-01/foods_321882_1100.jpg,/targets/d0aa09040482ef63b10b3428.webp,cf00123acc57fdc4e52bbc4400a2841d6c8be059b07305d83d66ef8816f9e8f8
Caos-04122023-003#thread000,invar_1_flipped,resolved,normalized exact,same animal-day selectivity sessions,1,9d878293352fe4299b4185d7,Caos-04122023-002,Selectivity/2023/12-04-Caos-01/invar_1_flipped.JPEG,/targets/9d878293352fe4299b4185d7.webp,fa60a8eb38c440831bc2bdb99f7a02656f2574f941b233c5a0c2ad10056abb17
Caos-04122023-004#thread000,invar_1_flipped,resolved,normalized exact,same animal-day selectivity sessions,1,9d878293352fe4299b4185d7,Caos-04122023-002,Selectivity/2023/12-04-Caos-01/invar_1_flipped.JPEG,/targets/9d878293352fe4299b4185d7.webp,fa60a8eb38c440831bc2bdb99f7a02656f2574f941b233c5a0c2ad10056abb17
Caos-12062023-006#thread000,monkeyFace (1),resolved,normalized exact,same animal-day selectivity sessions,1,2ed952be48e9e020abc97f6a,Caos-12062023-005,Selectivity/2023/12-06-Caos-01/monkeyFace (1).jpg,/targets/2ed952be48e9e020abc97f6a.webp,5e981d0dd7fd8aeea7676443590d238adbd272d4918e6a0168264f115eb556c3
Caos-12062023-007#thread000,monkeyFace (1),resolved,normalized exact,same animal-day selectivity sessions,1,2ed952be48e9e020abc97f6a,Caos-12062023-005,Selectivity/2023/12-06-Caos-01/monkeyFace (1).jpg,/targets/2ed952be48e9e020abc97f6a.webp,5e981d0dd7fd8aeea7676443590d238adbd272d4918e6a0168264f115eb556c3
Caos-12062023-008#thread000,ecoset_33,resolved,normalized exact,same animal-day selectivity sessions,1,026fd31743d12c7bb887bc4d,Caos-12062023-005,Selectivity/2023/12-06-Caos-01/ecoset_33.JPEG,/targets/026fd31743d12c7bb887bc4d.webp,a8239c5152c1f49b62d169ffa6c8579f89ef63b47f291e6a3d47ab46602c73d8
Caos-12072023-007#thread000,monkeyFemalePerinea (2),resolved,normalized exact,same animal-day selectivity sessions,1,c7c0e69d19f8445cce845dfe,Caos-12072023-006,Selectivity/2023/12-07-Caos-01/monkeyFemalePerinea (2).jpg,/targets/c7c0e69d19f8445cce845dfe.webp,7405fafdce5506a7c53d91e924217ae8294ed3665be53c6bda81732d1f603f8b
Caos-12072023-008#thread000,monkeyFearGrin (4),resolved,normalized exact,same animal-day selectivity sessions,1,dd302158b9d3b852620f9432,Caos-12072023-006,Selectivity/2023/12-07-Caos-01/monkeyFearGrin (4).jpg,/targets/dd302158b9d3b852620f9432.webp,be00e8c7d72359924073782facde1271ec3fd30b21b50278e63a7c24417b8c3a
Caos-12082023-006#thread000,imagenet_83,resolved,normalized exact,same animal-day selectivity sessions,1,9929589916e4beb83195d1ce,Caos-12082023-005,Selectivity/2023/12-08-Caos-01/imagenet_83.JPEG,/targets/9929589916e4beb83195d1ce.webp,731a89ba3a616fd4f3c7e648da3dbeb481b3f247e5290f79bce649ed2da8acb0
Caos-12082023-007#thread000,imagenet_35,resolved,normalized exact,same animal-day selectivity sessions,1,e0084f66f8cc9dd78b867b75,Caos-12082023-005,Selectivity/2023/12-08-Caos-01/imagenet_35.JPEG,/targets/e0084f66f8cc9dd78b867b75.webp,93bae50423c2b2ec51ecaa7d46a5ba89755a9619b4aa47eb9d76db8f9f1b6fbe
Caos-12082023-008#thread000,tribar_02_270,resolved,normalized exact,same animal-day selectivity sessions,1,ae2941815139d83fb27a575f,Caos-12082023-005,Selectivity/2023/12-08-Caos-01/tribar_02_270.bmp,/targets/ae2941815139d83fb27a575f.webp,bb5ae6d3083e568ada8417dcf20c54406ee48f480d31fe8bf85331da71cf3018
Caos-12112023-006#thread000,humans_pic_03,resolved,normalized exact,same animal-day selectivity sessions,1,3171569591fd6542d84b48c3,Caos-12112023-005,Selectivity/2023/12-11-Caos-01/humans_pic_03.jpg,/targets/3171569591fd6542d84b48c3.webp,66ab6eff9840299b1aa8d7ce10d23562e4feeb3ced47441684404278ba791739
Caos-12112023-007#thread000,objects-familiar-15,resolved,normalized exact,same animal-day selectivity sessions,1,955dad035b3422dc6379c02e,Caos-12112023-005,Selectivity/2023/12-11-Caos-01/objects-familiar-15.jpg,/targets/955dad035b3422dc6379c02e.webp,07d6102516d8683893d02075f14055414daa970e5556b5b51d498d555e4f7abc
Caos-12112023-008#thread000,foods_20190719-140436-blackberry_79345,resolved,normalized exact,same animal-day selectivity sessions,1,8d249e9696386bb01f09d855,Caos-12112023-005,Selectivity/2023/12-11-Caos-01/foods_20190719-140436-blackberry_79345.jpg,/targets/8d249e9696386bb01f09d855.webp,5fe83d44b3707e5f60a37b64b77de998f3efc941fec1b9c4359ad831ef42c30e
Caos-12112023-009#thread000,n07753113_396,resolved,normalized exact,same animal-day selectivity sessions,1,6d2aaf2ef80d069f035676f1,Caos-12112023-005,Selectivity/2023/12-11-Caos-01/n07753113_396.JPEG,/targets/6d2aaf2ef80d069f035676f1.webp,c0580c1d159d29905980e9a4abf407c8bbb4fbd442b6c60c931f37ac07d3ba02
Caos-12122023-006#thread000,n04604644_15093,resolved,normalized exact,same animal-day selectivity sessions,1,90c2196884fd7452504a2a18,Caos-12122023-005,Selectivity/2023/12-12-Caos-01/n04604644_15093.JPEG,/targets/90c2196884fd7452504a2a18.webp,04de38948db3643302c2cb483fd2c42476d5d80478a5f34eb0d1d9f4ce935ab8
Caos-12122023-007#thread000,pic_007_original,resolved,normalized exact,same animal-day selectivity sessions,1,c95af6ae25b77e44cfa35c46,Caos-12122023-005,Selectivity/2023/12-12-Caos-01/pic_007_original.bmp,/targets/c95af6ae25b77e44cfa35c46.webp,23df3d6c28cc189a3468cebd29cdacfa99fce9f20326fde45bcecd0bae5f82d5
Caos-12122023-008#thread000,foods_carrots-table_popidar-ss,resolved,normalized exact,same animal-day selectivity sessions,1,c0bc6a961b04d939dd29acd7,Caos-12122023-005,Selectivity/2023/12-12-Caos-01/foods_carrots-table_popidar-ss.jpg,/targets/c0bc6a961b04d939dd29acd7.webp,32f715ce812a51ff5bf501bc22842a530fbd017239163531fa5796ce9d84b48b
Caos-12142023-009#thread000,n03063599_3679,resolved,normalized exact,same animal-day selectivity sessions,1,1ddd98cf2aca9b9ed8beb632,Caos-12142023-008,Selectivity/2023/12-14-Caos-01/n03063599_3679.JPEG,/targets/1ddd98cf2aca9b9ed8beb632.webp,eaf9186fece07798723f5ff7269e9ab85acec74963158f77109b751f87aad44b
Caos-12142023-010#thread000,n03063599_3679,resolved,normalized exact,same animal-day selectivity sessions,1,1ddd98cf2aca9b9ed8beb632,Caos-12142023-008,Selectivity/2023/12-14-Caos-01/n03063599_3679.JPEG,/targets/1ddd98cf2aca9b9ed8beb632.webp,eaf9186fece07798723f5ff7269e9ab85acec74963158f77109b751f87aad44b
Caos-12142023-011#thread000,n03063599_3679,resolved,normalized exact,same animal-day selectivity sessions,1,1ddd98cf2aca9b9ed8beb632,Caos-12142023-008,Selectivity/2023/12-14-Caos-01/n03063599_3679.JPEG,/targets/1ddd98cf2aca9b9ed8beb632.webp,eaf9186fece07798723f5ff7269e9ab85acec74963158f77109b751f87aad44b
Caos-12152023-006#thread000,monkeys_10,resolved,normalized exact,same animal-day selectivity sessions,1,f8364a8a6435f3a2f8e8446b,Caos-12152023-005,Selectivity/2023/12-15-Caos-01/monkeys_10.jpg,/targets/f8364a8a6435f3a2f8e8446b.webp,2c93a837e56092ab2211b0a3c04ae8b061e154122a5191da584c687d4ae7d630
Caos-12152023-007#thread000,P1030870,resolved,normalized exact,same animal-day selectivity sessions,1,bbe22c2adb134c372be4f9af,Caos-12152023-005,Selectivity/2023/12-15-Caos-01/P1030870.JPG,/targets/bbe22c2adb134c372be4f9af.webp,40e1650812a0b97e80273e59662ad77e192c5c081eb6e4ed777214abf4b4030f
Caos-12152023-008#thread000,monkeys_40,resolved,normalized exact,same animal-day selectivity sessions,1,81e19a8e4e8a529643098263,Caos-12152023-005,Selectivity/2023/12-15-Caos-01/monkeys_40.jpg,/targets/81e19a8e4e8a529643098263.webp,4b169034820e61116ae27bfe7c9aeaa8d50f69d46dc6deb8370cf889e0dd44bb
Caos-12182023-006#thread000,n03131574_63319,resolved,normalized exact,same animal-day selectivity sessions,1,fab8801c93080c59d3a7e61c,Caos-12182023-005,Selectivity/2023/12-18-Caos-01/n03131574_63319.JPEG,/targets/fab8801c93080c59d3a7e61c.webp,69dec60947a69e966ec36ba00ab090ec3fd0594ce4ed38c4b1072cfc155cadf6
Caos-12182023-007#thread000,P1010460,resolved,normalized exact,same animal-day selectivity sessions,1,a1fbf7a63b5c2cab8a351de1,Caos-12182023-005,Selectivity/2023/12-18-Caos-01/P1010460.JPG,/targets/a1fbf7a63b5c2cab8a351de1.webp,12507f85e1b57ac01f96a8baaf6491c43783d1437ca31541476db598f4a662e2
Caos-12182023-008#thread000,block119_gen_Chan245plants_15_backup_tex.jpg_receptive_field,resolved,normalized exact,same animal-day selectivity sessions,1,7d621892341a97788ce6d6c1,Caos-12182023-005,Selectivity/2023/12-18-Caos-01/block119_gen_Chan245plants_15_backup_tex.jpg_receptive_field.jpg,/targets/7d621892341a97788ce6d6c1.webp,c014e6676272c4e01ca66edc50ac69a63851c088f3945733eb7625fc6a65317b
Caos-12192023-006#thread000,ILSVRC2012_val_00024007,ambiguous-content,normalized exact,same animal-day selectivity sessions,2,,,,,
Caos-12202023-011#thread000,kd_624,resolved,normalized exact,same animal-day selectivity sessions,1,38d722835ebe9f99e182a966,Caos-12202023-010,Selectivity/2023/12-20-Caos-01/kd_624.tif,/targets/38d722835ebe9f99e182a966.webp,c0bcbf584fd6354fd41c0a691dd3ef3db405f4b2d8f8817c14f72271632fb707
Caos-12212023-009#thread000,ILSVRC2012_val_00049625,resolved,normalized exact,same animal-day selectivity sessions,1,a42377c1b68785f9f90e03df,Caos-12212023-008,2023_selectivity_imagenet/imagenet_selectivity_160_clusters/ILSVRC2012_val_00049625.JPEG,/targets/a42377c1b68785f9f90e03df.webp,7effc47ab863c2c61dc84385f52e3db15c70c4651622496baf06338c92b8a1eb
Caos-12212023-010#thread000,ILSVRC2012_val_00002636,resolved,normalized exact,same animal-day selectivity sessions,1,965d8a077a8e6f4a55b15935,Caos-12212023-008,2023_selectivity_imagenet/imagenet_selectivity_160_clusters/ILSVRC2012_val_00002636.JPEG,/targets/965d8a077a8e6f4a55b15935.webp,f95e25b663124e917b21fbddee129e86eb26f8ae63ebf20c73f41a231c8f4a55
Caos-12292023-007#thread000,ILSVRC2012_val_00013437,resolved,normalized exact,same animal-day selectivity sessions,1,33a08114ffab482cc51e7a56,Caos-12292023-006,2023_selectivity_imagenet/imagenet_selectivity_160_clusters/ILSVRC2012_val_00013437.JPEG,/targets/33a08114ffab482cc51e7a56.webp,7a867725e09b921ef26cccd26a6a8fe0bf4a76484e0199501af4368883b3d642
Caos-01022024-008#thread000,stock_photo_nature_portrait_zoo_animals_face_monkey_78ad4940_7d89_430d_993b_77ca24207c1c,resolved,normalized exact,same animal-day selectivity sessions,1,8d79eb8c9255da3dfd42f082,Caos-01022024-007,Selectivity/2024/2024-01-02-SE-Caos-02/stock_photo_nature_portrait_zoo_animals_face_monkey_78ad4940_7d89_430d_993b_77ca24207c1c.jpg,/targets/8d79eb8c9255da3dfd42f082.webp,62711c2619005241734e25d60ab27819e7acc82e834169d26758991e0e600d50
Caos-01032024-010#thread000,ILSVRC2012_val_00026141,resolved,normalized exact,same animal-day selectivity sessions,1,c76219b59a717a7d84b352c0,Caos-01032024-009,Selectivity/2024/2024-01-03-SE-Caos-01/ILSVRC2012_val_00026141.JPEG,/targets/c76219b59a717a7d84b352c0.webp,3f2143d175820939267ac1c7721b31267e306325e2f3a338c4efce489074b13b
Caos-01042024-004#thread000,ILSVRC2012_val_00003303,resolved,normalized exact,same animal-day selectivity sessions,1,9cd9463530567ab7f4564d27,Caos-01042024-002,Selectivity/2024/2024-01-04-SE-Caos-01/ILSVRC2012_val_00003303.JPEG,/targets/9cd9463530567ab7f4564d27.webp,3f24efe25314b6bc3e628bbf022ee6c44b623f552f5b5425e886d2db82d50765
Caos-01042024-004#thread001,ILSVRC2012_val_00003303,resolved,normalized exact,same animal-day selectivity sessions,1,9cd9463530567ab7f4564d27,Caos-01042024-002,Selectivity/2024/2024-01-04-SE-Caos-01/ILSVRC2012_val_00003303.JPEG,/targets/9cd9463530567ab7f4564d27.webp,3f24efe25314b6bc3e628bbf022ee6c44b623f552f5b5425e886d2db82d50765
Caos-01042024-005#thread000,ILSVRC2012_val_00026141,resolved,normalized exact,same animal-day selectivity sessions,1,7979069f811bafdcf4562e44,Caos-01042024-002,Selectivity/2024/2024-01-04-SE-Caos-01/ILSVRC2012_val_00026141.JPEG,/targets/7979069f811bafdcf4562e44.webp,3f2143d175820939267ac1c7721b31267e306325e2f3a338c4efce489074b13b
Caos-01042024-005#thread001,ILSVRC2012_val_00026141,resolved,normalized exact,same animal-day selectivity sessions,1,7979069f811bafdcf4562e44,Caos-01042024-002,Selectivity/2024/2024-01-04-SE-Caos-01/ILSVRC2012_val_00026141.JPEG,/targets/7979069f811bafdcf4562e44.webp,3f2143d175820939267ac1c7721b31267e306325e2f3a338c4efce489074b13b
Caos-01082024-003#thread000,shared0927_nsd67114,resolved,normalized exact,same animal-day selectivity sessions,1,dcfcff75a9ee307707f7d49d,Caos-01082024-002,Selectivity/2024/2024-01-08-SE-Caos-01/shared0927_nsd67114.png,/targets/dcfcff75a9ee307707f7d49d.webp,f9f272e348bf5255f4936759abd9de99b3552b3e18c89e37a8dbd33bee294609
Caos-01082024-003#thread001,shared0927_nsd67114,resolved,normalized exact,same animal-day selectivity sessions,1,dcfcff75a9ee307707f7d49d,Caos-01082024-002,Selectivity/2024/2024-01-08-SE-Caos-01/shared0927_nsd67114.png,/targets/dcfcff75a9ee307707f7d49d.webp,f9f272e348bf5255f4936759abd9de99b3552b3e18c89e37a8dbd33bee294609
Caos-01082024-004#thread000,monkeyEating (5),resolved,normalized exact,same animal-day selectivity sessions,1,8479673034197612c7ce19d4,Caos-01082024-002,Selectivity/2024/2024-01-08-SE-Caos-01/monkeyEating (5).jpg,/targets/8479673034197612c7ce19d4.webp,c02c732b433a88674c643e30663060f0e4d402059dd1c27f08c33698cfe67c75
Caos-01082024-004#thread001,monkeyEating (5),resolved,normalized exact,same animal-day selectivity sessions,1,8479673034197612c7ce19d4,Caos-01082024-002,Selectivity/2024/2024-01-08-SE-Caos-01/monkeyEating (5).jpg,/targets/8479673034197612c7ce19d4.webp,c02c732b433a88674c643e30663060f0e4d402059dd1c27f08c33698cfe67c75
Caos-01092024-004#thread000,ILSVRC2012_val_00003112,resolved,normalized exact,same animal-day selectivity sessions,1,11223808eb70bac1499ae613,Caos-01092024-003,Selectivity/2024/2024-01-09-SE-Caos-01/ILSVRC2012_val_00003112.JPEG,/targets/11223808eb70bac1499ae613.webp,852206cfdd684006eba78cb5e1ea2556b2cca8d2948eed33825ddd5b0e220f03
Caos-01092024-004#thread001,ILSVRC2012_val_00003112,resolved,normalized exact,same animal-day selectivity sessions,1,11223808eb70bac1499ae613,Caos-01092024-003,Selectivity/2024/2024-01-09-SE-Caos-01/ILSVRC2012_val_00003112.JPEG,/targets/11223808eb70bac1499ae613.webp,852206cfdd684006eba78cb5e1ea2556b2cca8d2948eed33825ddd5b0e220f03
Caos-01092024-004#thread002,ILSVRC2012_val_00003112,resolved,normalized exact,same animal-day selectivity sessions,1,11223808eb70bac1499ae613,Caos-01092024-003,Selectivity/2024/2024-01-09-SE-Caos-01/ILSVRC2012_val_00003112.JPEG,/targets/11223808eb70bac1499ae613.webp,852206cfdd684006eba78cb5e1ea2556b2cca8d2948eed33825ddd5b0e220f03
Caos-01092024-005#thread000,block026_thread000_gen_gen025_001015,resolved,normalized exact,same animal-day selectivity sessions,1,3d53a1b16224c7b3816527f6,Caos-01092024-003,Selectivity/2024/2024-01-09-SE-Caos-01/block026_thread000_gen_gen025_001015.bmp,/targets/3d53a1b16224c7b3816527f6.webp,97a8912326f3981302091e6c38dd5ff2dfc4bda6d9fb1d6c67d348d06469c160
Caos-01092024-006#thread000,block026_thread000_gen_gen025_001015,resolved,normalized exact,same animal-day selectivity sessions,1,3d53a1b16224c7b3816527f6,Caos-01092024-003,Selectivity/2024/2024-01-09-SE-Caos-01/block026_thread000_gen_gen025_001015.bmp,/targets/3d53a1b16224c7b3816527f6.webp,97a8912326f3981302091e6c38dd5ff2dfc4bda6d9fb1d6c67d348d06469c160
Caos-01092024-006#thread001,block026_thread000_gen_gen025_001015,resolved,normalized exact,same animal-day selectivity sessions,1,3d53a1b16224c7b3816527f6,Caos-01092024-003,Selectivity/2024/2024-01-09-SE-Caos-01/block026_thread000_gen_gen025_001015.bmp,/targets/3d53a1b16224c7b3816527f6.webp,97a8912326f3981302091e6c38dd5ff2dfc4bda6d9fb1d6c67d348d06469c160
Caos-01112024-008#thread000,monkeyFace (2),resolved,normalized exact,same animal-day selectivity sessions,1,fe629a34d80f4d8f25de8d17,Caos-01112024-007,Selectivity/2024/2024-01-11-SE-Caos-01/monkeyFace (2).jpg,/targets/fe629a34d80f4d8f25de8d17.webp,290791e46c802b88253f1f85fb41c4d1c79711039519113ce29f048887f40e0f
Caos-01112024-010#thread000,monkeyFace (2),resolved,normalized exact,same animal-day selectivity sessions,1,fe629a34d80f4d8f25de8d17,Caos-01112024-007,Selectivity/2024/2024-01-11-SE-Caos-01/monkeyFace (2).jpg,/targets/fe629a34d80f4d8f25de8d17.webp,290791e46c802b88253f1f85fb41c4d1c79711039519113ce29f048887f40e0f
Caos-01122024-008#thread000,monkeyThreat (3),resolved,normalized exact,same animal-day selectivity sessions,1,9c37d38bf6b1b506147ccb91,Caos-01122024-007,Selectivity/2024/2024-01-12-SE-Caos-01/monkeyThreat (3).jpg,/targets/9c37d38bf6b1b506147ccb91.webp,373d27a6c9dd517f9317d2d9e596da16c9315613ce59fee540fbed5a79486fda
Caos-01122024-008#thread001,monkeyThreat (3),resolved,normalized exact,same animal-day selectivity sessions,1,9c37d38bf6b1b506147ccb91,Caos-01122024-007,Selectivity/2024/2024-01-12-SE-Caos-01/monkeyThreat (3).jpg,/targets/9c37d38bf6b1b506147ccb91.webp,373d27a6c9dd517f9317d2d9e596da16c9315613ce59fee540fbed5a79486fda
Caos-01122024-009#thread000,ILSVRC2012_val_00011961,resolved,normalized exact,same animal-day selectivity sessions,1,09e6611775f279d193cc892a,Caos-01122024-007,Selectivity/2024/2024-01-12-SE-Caos-01/ILSVRC2012_val_00011961.JPEG,/targets/09e6611775f279d193cc892a.webp,495c5ec3ff111559aead9c18cfbe7bf60d8d7e54658e70bc44e9d47d72211bca
Caos-01122024-009#thread001,ILSVRC2012_val_00011961,resolved,normalized exact,same animal-day selectivity sessions,1,09e6611775f279d193cc892a,Caos-01122024-007,Selectivity/2024/2024-01-12-SE-Caos-01/ILSVRC2012_val_00011961.JPEG,/targets/09e6611775f279d193cc892a.webp,495c5ec3ff111559aead9c18cfbe7bf60d8d7e54658e70bc44e9d47d72211bca
Caos-01152024-005#thread000,monkeyMalePerinea (1),resolved,normalized exact,same animal-day selectivity sessions,1,88449f718b24f327abcb8602,Caos-01152024-004,Selectivity/2024/2024-01-15-SE-Caos-01/monkeyMalePerinea (1).jpg,/targets/88449f718b24f327abcb8602.webp,0318469b52bf95df4e03c1b7113448d3e50323b9f753d2501f491f7403a7c914
Caos-01152024-006#thread000,monkeyMalePerinea (1),resolved,normalized exact,same animal-day selectivity sessions,1,88449f718b24f327abcb8602,Caos-01152024-004,Selectivity/2024/2024-01-15-SE-Caos-01/monkeyMalePerinea (1).jpg,/targets/88449f718b24f327abcb8602.webp,0318469b52bf95df4e03c1b7113448d3e50323b9f753d2501f491f7403a7c914
Caos-01152024-007#thread000,monkeyMalePerinea (1),resolved,normalized exact,same animal-day selectivity sessions,1,88449f718b24f327abcb8602,Caos-01152024-004,Selectivity/2024/2024-01-15-SE-Caos-01/monkeyMalePerinea (1).jpg,/targets/88449f718b24f327abcb8602.webp,0318469b52bf95df4e03c1b7113448d3e50323b9f753d2501f491f7403a7c914
Caos-01162024-009#thread000,ILSVRC2012_val_00011961,resolved,normalized exact,same animal-day selectivity sessions,1,2b70a4704e32c1fd667c029b,Caos-01162024-008,Selectivity/2024/2024-01-16-SE-Caos-01/ILSVRC2012_val_00011961.JPEG,/targets/2b70a4704e32c1fd667c029b.webp,495c5ec3ff111559aead9c18cfbe7bf60d8d7e54658e70bc44e9d47d72211bca
Caos-01162024-011#thread000,unfamiliarPeople (2),resolved,normalized exact,same animal-day selectivity sessions,1,a0deaad2892bb9826fc50d0c,Caos-01162024-008,Selectivity/2024/2024-01-16-SE-Caos-01/unfamiliarPeople (2).jpg,/targets/a0deaad2892bb9826fc50d0c.webp,3f7bcfd95d0ca8740924369d39ad9f10c6b41ff81349a4a101db2f61249c2598
Caos-01172024-008#thread000,P1010460,resolved,normalized exact,same animal-day selectivity sessions,1,fb8b8ef5e5b9cdbb9e71d6c8,Caos-01172024-007,Selectivity/2024/2024-01-17-SE-Caos-02/P1010460.JPG,/targets/fb8b8ef5e5b9cdbb9e71d6c8.webp,12507f85e1b57ac01f96a8baaf6491c43783d1437ca31541476db598f4a662e2
Caos-01172024-009#thread000,ILSVRC2012_val_00026406,ambiguous-content,normalized exact,same animal-day selectivity sessions,2,,,,,
Caos-01172024-010#thread000,ILSVRC2012_val_00026406,ambiguous-content,normalized exact,same animal-day selectivity sessions,2,,,,,
Caos-01222024-006#thread000,humans_DSCF0110,resolved,normalized exact,same animal-day selectivity sessions,1,17d7ed11ecdd24f96e4626b3,Caos-01222024-005,Selectivity/2024/2024-01-22-SE-Caos-01/humans_DSCF0110.jpg,/targets/17d7ed11ecdd24f96e4626b3.webp,bcee1cf1f8f054aff660f8c5d69e27091d3b88660786d4863412874ff7c9c627
Caos-01222024-007#thread000,n02981792_6967,resolved,normalized exact,same animal-day selectivity sessions,1,16769a4c6d1b580408a30e0b,Caos-01222024-005,Selectivity/2024/2024-01-22-SE-Caos-01/n02981792_6967.JPEG,/targets/16769a4c6d1b580408a30e0b.webp,461a07492ef635a1246362dee48e10ce799828896927de8872399cce64545963
Caos-01222024-008#thread000,n01644373_184,resolved,normalized exact,same animal-day selectivity sessions,1,855adc17a1e8ed6d0ab6dcd6,Caos-01222024-005,Selectivity/2024/2024-01-22-SE-Caos-01/n01644373_184.JPEG,/targets/855adc17a1e8ed6d0ab6dcd6.webp,71bccc3dce6f2bbee68e63838120feacd62dd24d82cc5b3f363dd1e2f15c41cd
Caos-01232024-007#thread000,m_face_1,resolved,normalized exact,same animal-day selectivity sessions,1,225971d5205d7bc30cf75927,Caos-01232024-006,Selectivity/2024/2024-01-23-SE-Caos-01/m_face_1.jpg,/targets/225971d5205d7bc30cf75927.webp,14bd47529a1151ac4036066abcf3d8d630a0296f5193a19006a90d4e841947d2
Caos-01232024-008#thread000,buildings_26196093_1989082288082766_1854154598814659052_n-1,resolved,normalized exact,same animal-day selectivity sessions,1,823f7760c256ebbe63d1dfde,Caos-01232024-006,Selectivity/2024/2024-01-23-SE-Caos-01/buildings_26196093_1989082288082766_1854154598814659052_n-1.jpg,/targets/823f7760c256ebbe63d1dfde.webp,d6d3bcde6d50e81f1fd8969a136c5598af213d23bcc4d2edd28cc6484b01dc22
Caos-01232024-009#thread000,m_face_2,resolved,normalized exact,same animal-day selectivity sessions,1,78e4346f0085a226eda6878c,Caos-01232024-006,Selectivity/2024/2024-01-23-SE-Caos-01/m_face_2.jpg,/targets/78e4346f0085a226eda6878c.webp,31660e317aad4938dec86afb53a68fc71e98c464e8459eac35f04a360fe0bfbb
Caos-01232024-009#thread001,m_face_2,resolved,normalized exact,same animal-day selectivity sessions,1,78e4346f0085a226eda6878c,Caos-01232024-006,Selectivity/2024/2024-01-23-SE-Caos-01/m_face_2.jpg,/targets/78e4346f0085a226eda6878c.webp,31660e317aad4938dec86afb53a68fc71e98c464e8459eac35f04a360fe0bfbb
Caos-01292024-009#thread000,monkeyEating (2),resolved,normalized exact,same animal-day selectivity sessions,1,830c8de1d610dd24380586bc,Caos-01292024-008,Selectivity/2024/2024-01-29-SE-Caos-01/monkeyEating (2).jpg,/targets/830c8de1d610dd24380586bc.webp,be6cbd467b0bafc509b2e4ed1a5565b5deaa4e5986f81ca4705354f633dbe16b
Caos-01292024-009#thread001,monkeyEating (2),resolved,normalized exact,same animal-day selectivity sessions,1,830c8de1d610dd24380586bc,Caos-01292024-008,Selectivity/2024/2024-01-29-SE-Caos-01/monkeyEating (2).jpg,/targets/830c8de1d610dd24380586bc.webp,be6cbd467b0bafc509b2e4ed1a5565b5deaa4e5986f81ca4705354f633dbe16b
Caos-01292024-010#thread000,monkeyEating (2),resolved,normalized exact,same animal-day selectivity sessions,1,830c8de1d610dd24380586bc,Caos-01292024-008,Selectivity/2024/2024-01-29-SE-Caos-01/monkeyEating (2).jpg,/targets/830c8de1d610dd24380586bc.webp,be6cbd467b0bafc509b2e4ed1a5565b5deaa4e5986f81ca4705354f633dbe16b
Caos-01302024-011#thread000,ILSVRC2012_val_00002343,resolved,normalized exact,same animal-day selectivity sessions,1,9ebaf10d0bb550b35ce4878b,Caos-01302024-010,Selectivity/2024/2024-01-30-SE-Caos-01/ILSVRC2012_val_00002343.JPEG,/targets/9ebaf10d0bb550b35ce4878b.webp,c7b836baed284de624645996fe1536c64f31ced8edd514599f7b9219f170af57
Caos-01302024-011#thread001,ILSVRC2012_val_00002343,resolved,normalized exact,same animal-day selectivity sessions,1,9ebaf10d0bb550b35ce4878b,Caos-01302024-010,Selectivity/2024/2024-01-30-SE-Caos-01/ILSVRC2012_val_00002343.JPEG,/targets/9ebaf10d0bb550b35ce4878b.webp,c7b836baed284de624645996fe1536c64f31ced8edd514599f7b9219f170af57
Caos-01302024-012#thread000,ILSVRC2012_val_00002343,resolved,normalized exact,same animal-day selectivity sessions,1,9ebaf10d0bb550b35ce4878b,Caos-01302024-010,Selectivity/2024/2024-01-30-SE-Caos-01/ILSVRC2012_val_00002343.JPEG,/targets/9ebaf10d0bb550b35ce4878b.webp,c7b836baed284de624645996fe1536c64f31ced8edd514599f7b9219f170af57
Caos-02012024-009#thread000,AlexNet-fc6-19-CIMG0941,resolved,normalized exact,same animal-day selectivity sessions,1,1093e242fd854441c1334bc0,Caos-02012024-008,Selectivity/2024/2024-02-01-SE-Caos-01/AlexNet-fc6-19-CIMG0941.bmp,/targets/1093e242fd854441c1334bc0.webp,b2411ee5ada8235c0c8d22f3bbfff970cbbb958eaab3a49e31e72b02ff580809
Caos-02012024-010#thread000,ILSVRC2012_val_00019287,resolved,normalized exact,same animal-day selectivity sessions,1,56ce4e0de2c6062c5022d0eb,Caos-02012024-008,Selectivity/2024/2024-02-01-SE-Caos-01/ILSVRC2012_val_00019287.JPEG,/targets/56ce4e0de2c6062c5022d0eb.webp,a6cc8526325dc51f246e914e8099d8ca9ddec4315e277e5abce89f4b721071a6
Caos-02012024-011#thread000,ILSVRC2012_val_00019287,resolved,normalized exact,same animal-day selectivity sessions,1,56ce4e0de2c6062c5022d0eb,Caos-02012024-008,Selectivity/2024/2024-02-01-SE-Caos-01/ILSVRC2012_val_00019287.JPEG,/targets/56ce4e0de2c6062c5022d0eb.webp,a6cc8526325dc51f246e914e8099d8ca9ddec4315e277e5abce89f4b721071a6
Caos-02012024-011#thread001,ILSVRC2012_val_00019287,resolved,normalized exact,same animal-day selectivity sessions,1,56ce4e0de2c6062c5022d0eb,Caos-02012024-008,Selectivity/2024/2024-02-01-SE-Caos-01/ILSVRC2012_val_00019287.JPEG,/targets/56ce4e0de2c6062c5022d0eb.webp,a6cc8526325dc51f246e914e8099d8ca9ddec4315e277e5abce89f4b721071a6
Caos-02022024-008#thread000,ILSVRC2012_val_00014373,resolved,normalized exact,same animal-day selectivity sessions,1,9cca094b1244b0bc6079ed7b,Caos-02022024-007,Selectivity/2024/2024-02-02-SE-Caos-01/ILSVRC2012_val_00014373.JPEG,/targets/9cca094b1244b0bc6079ed7b.webp,0ffed147252f46f11f4a28670db07240e1ef0a7d1771307efe0a47b725fa0580
Caos-02022024-008#thread001,ILSVRC2012_val_00014373,resolved,normalized exact,same animal-day selectivity sessions,1,9cca094b1244b0bc6079ed7b,Caos-02022024-007,Selectivity/2024/2024-02-02-SE-Caos-01/ILSVRC2012_val_00014373.JPEG,/targets/9cca094b1244b0bc6079ed7b.webp,0ffed147252f46f11f4a28670db07240e1ef0a7d1771307efe0a47b725fa0580
Caos-02052024-008#thread000,ILSVRC2012_val_00014373,resolved,normalized exact,same animal-day selectivity sessions,1,c257ee16477e146e3e8198af,Caos-02052024-007,Selectivity/2024/2024-02-05-SE-Caos-01/ILSVRC2012_val_00014373.JPEG,/targets/c257ee16477e146e3e8198af.webp,0ffed147252f46f11f4a28670db07240e1ef0a7d1771307efe0a47b725fa0580
Caos-02052024-009#thread000,ILSVRC2012_val_00014373,resolved,normalized exact,same animal-day selectivity sessions,1,c257ee16477e146e3e8198af,Caos-02052024-007,Selectivity/2024/2024-02-05-SE-Caos-01/ILSVRC2012_val_00014373.JPEG,/targets/c257ee16477e146e3e8198af.webp,0ffed147252f46f11f4a28670db07240e1ef0a7d1771307efe0a47b725fa0580
Caos-02052024-009#thread001,ILSVRC2012_val_00014373,resolved,normalized exact,same animal-day selectivity sessions,1,c257ee16477e146e3e8198af,Caos-02052024-007,Selectivity/2024/2024-02-05-SE-Caos-01/ILSVRC2012_val_00014373.JPEG,/targets/c257ee16477e146e3e8198af.webp,0ffed147252f46f11f4a28670db07240e1ef0a7d1771307efe0a47b725fa0580
Caos-02082024-011#thread000,ILSVRC2012_val_00008755,resolved,normalized exact,same animal-day selectivity sessions,1,a5860aeb626848771b69ef0e,Caos-02082024-005,2023_selectivity_imagenet/imagenet_selectivity_160_clusters/ILSVRC2012_val_00008755.JPEG,/targets/a5860aeb626848771b69ef0e.webp,391e88664ef1191e79024becf5d69c380463be99ad1529f7bd7719c6e9014f21
Caos-02082024-011#thread001,ILSVRC2012_val_00008755,resolved,normalized exact,same animal-day selectivity sessions,1,a5860aeb626848771b69ef0e,Caos-02082024-005,2023_selectivity_imagenet/imagenet_selectivity_160_clusters/ILSVRC2012_val_00008755.JPEG,/targets/a5860aeb626848771b69ef0e.webp,391e88664ef1191e79024becf5d69c380463be99ad1529f7bd7719c6e9014f21
Caos-05062024-007#thread000,09,resolved,normalized exact,same animal-day selectivity sessions,1,5c9f5d95bb2f2bc5f1f5233f,Caos-05062024-006,Selectivity/2024/2024-05-06-SE-Caos-01/09.bmp,/targets/5c9f5d95bb2f2bc5f1f5233f.webp,1bc3af6a0e55ad844bc0a04888e3ed6c8cf061d69e23ae8a3777b1bbd0d393e3
Caos-05062024-008#thread000,01,resolved,normalized exact,same animal-day selectivity sessions,1,97bb1932c44c8639579a306a,Caos-05062024-006,Selectivity/2024/2024-05-06-SE-Caos-01/01.bmp,/targets/97bb1932c44c8639579a306a.webp,c450aaab48bd85caf4eb3185ecb5cc3e38133a68d7eb6a07f48a97800e5689c2
Caos-05062024-010#thread000,ILSVRC2012_val_00018202,resolved,normalized exact,same animal-day selectivity sessions,1,32e887680ae38a2529fdcb2e,Caos-05062024-006,Selectivity/2024/2024-05-06-SE-Caos-01/ILSVRC2012_val_00018202.JPEG,/targets/32e887680ae38a2529fdcb2e.webp,4a1df517ded3b3ea9c0921343abca379cce04334acdb866be1c26cc8f7bd1a51
Caos-05162024-004#thread000,ABREADMAC,resolved,normalized exact,same animal-day selectivity sessions,1,3661cc3f6de72ef1c571e5f1,Caos-05162024-003,Selectivity/2024/2024-05-16-SE-Caos-01/ABREADMAC.jpg,/targets/3661cc3f6de72ef1c571e5f1.webp,e7c296940137740f554f7ab312f4da066a872015cda297ca00a955126c93bace
Caos-05162024-006#thread000,0535_birdhouse_n02843684_2062,resolved,normalized exact,same animal-day selectivity sessions,1,f2b4838a1fbfc7bfad321046,Caos-05162024-003,Selectivity/2024/2024-05-16-SE-Caos-01/0535_birdhouse_n02843684_2062.JPEG,/targets/f2b4838a1fbfc7bfad321046.webp,086f69ba18648da71308364c21b96b240cf7e60f5c469ca816dde252f05a74a8
Caos-05162024-008#thread000,1129_zebra_n02391049_734,resolved,normalized exact,same animal-day selectivity sessions,1,7b613dfac1a7b87113523919,Caos-05162024-003,Selectivity/2024/2024-05-16-SE-Caos-01/1129_zebra_n02391049_734.JPEG,/targets/7b613dfac1a7b87113523919.webp,9b233ff0239ec608632b6bcd38a0e140cf00a3e9cda2effc8ef38188d2385967
Caos-05162024-009#thread000,ILSVRC2012_val_00005613,resolved,normalized exact,same animal-day selectivity sessions,1,51f640ca6ad904d6448861f1,Caos-05162024-003,Selectivity/2024/2024-05-16-SE-Caos-01/ILSVRC2012_val_00005613.JPEG,/targets/51f640ca6ad904d6448861f1.webp,59f4311da2778d76bb2f299bba5239661d85364546e37631951df725bcd34f96
Caos-05162024-010#thread000,ILSVRC2012_val_00008302,resolved,normalized exact,same animal-day selectivity sessions,1,ae6ebe8d59363fb42c758a08,Caos-05162024-003,Selectivity/2024/2024-05-16-SE-Caos-01/ILSVRC2012_val_00008302.JPEG,/targets/ae6ebe8d59363fb42c758a08.webp,9388075337b2e28db024e7fce31cee9513effa7908b180622136f18e30a0d921
Caos-05162024-011#thread000,0352_monkey_n02487347_6030,resolved,normalized exact,same animal-day selectivity sessions,1,2cb787f516897fc7082a4622,Caos-05162024-003,Selectivity/2024/2024-05-16-SE-Caos-01/0352_monkey_n02487347_6030.JPEG,/targets/2cb787f516897fc7082a4622.webp,808cffe1b97afe989e386922b0190fc67e0d04f254665b142861d0b2fc1fbf94
Caos-06122024-007#thread000,0535_birdhouse_n02843684_2062,resolved,normalized exact,same animal-day selectivity sessions,1,41fa39b6a468e7a1d6efbf83,Caos-06122024-004,Selectivity/2024/2024-06-12-SE-Caos-01/0535_birdhouse_n02843684_2062.JPEG,/targets/41fa39b6a468e7a1d6efbf83.webp,086f69ba18648da71308364c21b96b240cf7e60f5c469ca816dde252f05a74a8
Caos-06122024-008#thread000,0535_birdhouse_n02843684_2062,resolved,normalized exact,same animal-day selectivity sessions,1,41fa39b6a468e7a1d6efbf83,Caos-06122024-004,Selectivity/2024/2024-06-12-SE-Caos-01/0535_birdhouse_n02843684_2062.JPEG,/targets/41fa39b6a468e7a1d6efbf83.webp,086f69ba18648da71308364c21b96b240cf7e60f5c469ca816dde252f05a74a8
Caos-06122024-009#thread000,0535_birdhouse_n02843684_2062,resolved,normalized exact,same animal-day selectivity sessions,1,41fa39b6a468e7a1d6efbf83,Caos-06122024-004,Selectivity/2024/2024-06-12-SE-Caos-01/0535_birdhouse_n02843684_2062.JPEG,/targets/41fa39b6a468e7a1d6efbf83.webp,086f69ba18648da71308364c21b96b240cf7e60f5c469ca816dde252f05a74a8
Caos-06132024-010#thread000,0518_anvil_n02725872_7897,resolved,normalized exact,same animal-day selectivity sessions,1,e7cb40937cac53605758b1f2,Caos-06132024-008,Selectivity/2024/2024-06-13-SE-Caos-01/0518_anvil_n02725872_7897.JPEG,/targets/e7cb40937cac53605758b1f2.webp,2a4817c059eb0fcc691d4085ae3bcf8d5983b34e7c67605134e4428c578fbced
Caos-06142024-006#thread000,birdnew03,resolved,normalized exact,same animal-day selectivity sessions,1,511059d5cbd173629c95a235,Caos-06142024-005,Selectivity/2024/2024-06-14-SE-Caos-01/birdnew03.jpg,/targets/511059d5cbd173629c95a235.webp,5e4627058351f96d35540ca9de03d1937af3310260267fc1070d9b6ccca03379
Caos-06142024-007#thread000,birdnew03,resolved,normalized exact,same animal-day selectivity sessions,1,511059d5cbd173629c95a235,Caos-06142024-005,Selectivity/2024/2024-06-14-SE-Caos-01/birdnew03.jpg,/targets/511059d5cbd173629c95a235.webp,5e4627058351f96d35540ca9de03d1937af3310260267fc1070d9b6ccca03379
Caos-06142024-008#thread000,birdnew03,resolved,normalized exact,same animal-day selectivity sessions,1,511059d5cbd173629c95a235,Caos-06142024-005,Selectivity/2024/2024-06-14-SE-Caos-01/birdnew03.jpg,/targets/511059d5cbd173629c95a235.webp,5e4627058351f96d35540ca9de03d1937af3310260267fc1070d9b6ccca03379
Caos-06142024-010#thread000,birdnew03,resolved,normalized exact,same animal-day selectivity sessions,1,511059d5cbd173629c95a235,Caos-06142024-005,Selectivity/2024/2024-06-14-SE-Caos-01/birdnew03.jpg,/targets/511059d5cbd173629c95a235.webp,5e4627058351f96d35540ca9de03d1937af3310260267fc1070d9b6ccca03379
Diablito-13032024-004#thread000,monkey_001_resized,resolved,normalized exact,same animal-day selectivity sessions,1,417a11e99653307e0331d39f,Diablito-13032024-003,Selectivity/2024/2024-03-13-SE-Diablito-01/monkey_001_resized.JPEG,/targets/417a11e99653307e0331d39f.webp,bf70f82f9e1494409c9342a10dbdfbcd06b3bfb228e37f3e076eb56383a0e4de
Diablito-14032024-004#thread000,ILSVRC2012_val_00001800,resolved,normalized exact,same animal-day selectivity sessions,1,cb873ca5f9966e9b1ded222b,Diablito-14032024-003,Selectivity/2024/2024-03-14-SE-Diablito-01/ILSVRC2012_val_00001800.JPEG,/targets/cb873ca5f9966e9b1ded222b.webp,f980ffdb6ab2da1ea69d94efc37ee0834a81c8f80957dacbf7cbc87f38a8c27c
Diablito-14032024-005#thread000,ILSVRC2012_val_00022021,resolved,normalized exact,same animal-day selectivity sessions,1,9169c8c0fc8471979f102350,Diablito-14032024-003,Selectivity/2024/2024-03-14-SE-Diablito-01/ILSVRC2012_val_00022021.JPEG,/targets/9169c8c0fc8471979f102350.webp,8bbce3fbbe951894df8f29ab2b683ed3319e19ff779b3437ad88ce7a5fb995fc
Diablito-14032024-006#thread000,ILSVRC2012_val_00018134,resolved,normalized exact,same animal-day selectivity sessions,1,0213a31074824a6bf7e039e7,Diablito-14032024-003,Selectivity/2024/2024-03-14-SE-Diablito-01/ILSVRC2012_val_00018134.JPEG,/targets/0213a31074824a6bf7e039e7.webp,21de7cd778301f8b1eaa2d8f46c857b7108ddbdf336df1919fe9adf68bb2230d
Diablito-21032024-003#thread000,ILSVRC2012_val_00036190,resolved,normalized exact,same animal-day selectivity sessions,1,942c5464677470c2d5b823db,Diablito-21032024-002,Selectivity/2024/2024-03-21-SE-Diablito-01/ILSVRC2012_val_00036190.JPEG,/targets/942c5464677470c2d5b823db.webp,a1e4e0f77c145b81ac045471e775fb44920ea24747fdb1bda9ef0e69f3e1749f
Diablito-21032024-004#thread000,ILSVRC2012_val_00036190,resolved,normalized exact,same animal-day selectivity sessions,1,942c5464677470c2d5b823db,Diablito-21032024-002,Selectivity/2024/2024-03-21-SE-Diablito-01/ILSVRC2012_val_00036190.JPEG,/targets/942c5464677470c2d5b823db.webp,a1e4e0f77c145b81ac045471e775fb44920ea24747fdb1bda9ef0e69f3e1749f
Diablito-21032024-005#thread000,ILSVRC2012_val_00012402,resolved,normalized exact,same animal-day selectivity sessions,1,d81f609e5ac83ee3b4b73c9e,Diablito-21032024-002,Selectivity/2024/2024-03-21-SE-Diablito-01/ILSVRC2012_val_00012402.JPEG,/targets/d81f609e5ac83ee3b4b73c9e.webp,88b826d913efea38b37e7cdcdb942fe72076db5141624a42ab6d201acc5f51cb
Diablito-21032024-006#thread000,ILSVRC2012_val_00037240,resolved,normalized exact,same animal-day selectivity sessions,1,576194e7ac2c93f1b5087c75,Diablito-21032024-002,Selectivity/2024/2024-03-21-SE-Diablito-01/ILSVRC2012_val_00037240.JPEG,/targets/576194e7ac2c93f1b5087c75.webp,d719a6416ad65cac3437b8c3898cf8a00ae53ad0a84dbbe77c65d28f1040a144
Diablito-26032024-004#thread000,ILSVRC2012_val_00022505,resolved,normalized exact,same animal-day selectivity sessions,1,b29ed0601961af38f75fd86f,Diablito-26032024-003,Selectivity/2024/2024-03-26-SE-Diablito-01/ILSVRC2012_val_00022505.JPEG,/targets/b29ed0601961af38f75fd86f.webp,fb6eeabc1a7235c1eec645a9597fbc680b758b987c275c56fb52492e890b0f8b
Diablito-26032024-006#thread000,ILSVRC2012_val_00022505,resolved,normalized exact,same animal-day selectivity sessions,1,b29ed0601961af38f75fd86f,Diablito-26032024-003,Selectivity/2024/2024-03-26-SE-Diablito-01/ILSVRC2012_val_00022505.JPEG,/targets/b29ed0601961af38f75fd86f.webp,fb6eeabc1a7235c1eec645a9597fbc680b758b987c275c56fb52492e890b0f8b
Diablito-26032024-007#thread000,ILSVRC2012_val_00045108,resolved,normalized exact,same animal-day selectivity sessions,1,e6f34b226696da4144a63c80,Diablito-26032024-003,Selectivity/2024/2024-03-26-SE-Diablito-01/ILSVRC2012_val_00045108.JPEG,/targets/e6f34b226696da4144a63c80.webp,7bf954e10013f57c3e0637e09bc594b99408ad2cce3fa3248250b15411a3dfc9
Diablito-26032024-008#thread000,ILSVRC2012_val_00039299,resolved,normalized exact,same animal-day selectivity sessions,1,3f5f931b9ea227b2ba4f9c69,Diablito-26032024-003,Selectivity/2024/2024-03-26-SE-Diablito-01/ILSVRC2012_val_00039299.JPEG,/targets/3f5f931b9ea227b2ba4f9c69.webp,59171c8e5451d1d66bf3511a2a3c4c369504e6e20ecc20efa36472fc79987a9d
Diablito-26032024-011#thread000,ILSVRC2012_val_00005613,resolved,normalized exact,same animal-day selectivity sessions,1,4cd44caea57385b4960961ef,Diablito-26032024-003,Selectivity/2024/2024-03-26-SE-Diablito-01/ILSVRC2012_val_00005613.JPEG,/targets/4cd44caea57385b4960961ef.webp,59f4311da2778d76bb2f299bba5239661d85364546e37631951df725bcd34f96
Diablito-29032024-003#thread000,ILSVRC2012_val_00034673,resolved,normalized exact,same animal-day selectivity sessions,1,ba12aad313d12c6ecdbbb319,Diablito-29032024-002,Selectivity/2024/2024-03-28-SE-Diablito-01/ILSVRC2012_val_00034673.JPEG,/targets/ba12aad313d12c6ecdbbb319.webp,968a8f7790f6df1ff1da7361eb74f2de9fcdbcf7fcec64f7b38397a293a87c47
Diablito-29032024-004#thread000,ILSVRC2012_val_00034673,resolved,normalized exact,same animal-day selectivity sessions,1,ba12aad313d12c6ecdbbb319,Diablito-29032024-002,Selectivity/2024/2024-03-28-SE-Diablito-01/ILSVRC2012_val_00034673.JPEG,/targets/ba12aad313d12c6ecdbbb319.webp,968a8f7790f6df1ff1da7361eb74f2de9fcdbcf7fcec64f7b38397a293a87c47
Diablito-02042024-003#thread000,ILSVRC2012_val_00021090,resolved,normalized exact,same animal-day selectivity sessions,1,afd93145c57472b5e2902551,Diablito-02042024-002,Selectivity/2024/2024-04-02-SE-Diablito-01/ILSVRC2012_val_00021090.JPEG,/targets/afd93145c57472b5e2902551.webp,7951a613c578d5039c3a1f50624f2605aae7ea90028cf8f1a35512a3cf725878
Diablito-02042024-004#thread000,ILSVRC2012_val_00021090,resolved,normalized exact,same animal-day selectivity sessions,1,afd93145c57472b5e2902551,Diablito-02042024-002,Selectivity/2024/2024-04-02-SE-Diablito-01/ILSVRC2012_val_00021090.JPEG,/targets/afd93145c57472b5e2902551.webp,7951a613c578d5039c3a1f50624f2605aae7ea90028cf8f1a35512a3cf725878
Diablito-05042024-003#thread000,ILSVRC2012_val_00008755,resolved,normalized exact,same animal-day selectivity sessions,1,9743dddc47585f881801f03a,Diablito-05042024-002,Selectivity/2024/2024-04-05-SE-Diablito-01/ILSVRC2012_val_00008755.JPEG,/targets/9743dddc47585f881801f03a.webp,391e88664ef1191e79024becf5d69c380463be99ad1529f7bd7719c6e9014f21
Diablito-05042024-004#thread000,09,resolved,normalized exact,same animal-day selectivity sessions,1,81229c08bd860b19a83285f9,Diablito-05042024-002,Selectivity/2024/2024-04-05-SE-Diablito-01/09.bmp,/targets/81229c08bd860b19a83285f9.webp,1bc3af6a0e55ad844bc0a04888e3ed6c8cf061d69e23ae8a3777b1bbd0d393e3
Diablito-05042024-005#thread000,09,resolved,normalized exact,same animal-day selectivity sessions,1,81229c08bd860b19a83285f9,Diablito-05042024-002,Selectivity/2024/2024-04-05-SE-Diablito-01/09.bmp,/targets/81229c08bd860b19a83285f9.webp,1bc3af6a0e55ad844bc0a04888e3ed6c8cf061d69e23ae8a3777b1bbd0d393e3
Diablito-05042024-006#thread000,stock_photo_nature_portrait_zoo_animals_face_monkey_78ad4940_7d89_430d_993b_77ca24207c1c,resolved,normalized exact,same animal-day selectivity sessions,1,20557f9ae36893494e08c855,Diablito-05042024-002,Selectivity/2024/2024-04-05-SE-Diablito-01/stock_photo_nature_portrait_zoo_animals_face_monkey_78ad4940_7d89_430d_993b_77ca24207c1c.jpg,/targets/20557f9ae36893494e08c855.webp,62711c2619005241734e25d60ab27819e7acc82e834169d26758991e0e600d50
Diablito-05042024-007#thread000,stock_photo_nature_portrait_zoo_animals_face_monkey_78ad4940_7d89_430d_993b_77ca24207c1c,resolved,normalized exact,same animal-day selectivity sessions,1,20557f9ae36893494e08c855,Diablito-05042024-002,Selectivity/2024/2024-04-05-SE-Diablito-01/stock_photo_nature_portrait_zoo_animals_face_monkey_78ad4940_7d89_430d_993b_77ca24207c1c.jpg,/targets/20557f9ae36893494e08c855.webp,62711c2619005241734e25d60ab27819e7acc82e834169d26758991e0e600d50
Diablito-10042024-004#thread000,ILSVRC2012_val_00026139,resolved,normalized exact,same animal-day selectivity sessions,1,9ee2415454c0980773d13b62,Diablito-10042024-003,Selectivity/2024/2024-04-10-SE-Diablito-01/ILSVRC2012_val_00026139.JPEG,/targets/9ee2415454c0980773d13b62.webp,67361a5f6908a81f720fc41574aac9b08ad6c5ff889ea5bf615d7fc494c800b9
Diablito-10042024-005#thread000,ILSVRC2012_val_00026139,resolved,normalized exact,same animal-day selectivity sessions,1,9ee2415454c0980773d13b62,Diablito-10042024-003,Selectivity/2024/2024-04-10-SE-Diablito-01/ILSVRC2012_val_00026139.JPEG,/targets/9ee2415454c0980773d13b62.webp,67361a5f6908a81f720fc41574aac9b08ad6c5ff889ea5bf615d7fc494c800b9
Diablito-10042024-006#thread000,ILSVRC2012_val_00036790,resolved,normalized exact,same animal-day selectivity sessions,1,1cef5b7c493558d24a9dcef7,Diablito-10042024-003,Selectivity/2024/2024-04-10-SE-Diablito-01/ILSVRC2012_val_00036790.JPEG,/targets/1cef5b7c493558d24a9dcef7.webp,458db5857e9609477c62c9e3db2def300d40b265f0c6bda8ffe10f397ff7e2fc
Diablito-10042024-007#thread000,ILSVRC2012_val_00036790,resolved,normalized exact,same animal-day selectivity sessions,1,1cef5b7c493558d24a9dcef7,Diablito-10042024-003,Selectivity/2024/2024-04-10-SE-Diablito-01/ILSVRC2012_val_00036790.JPEG,/targets/1cef5b7c493558d24a9dcef7.webp,458db5857e9609477c62c9e3db2def300d40b265f0c6bda8ffe10f397ff7e2fc
Diablito-10042024-008#thread000,ILSVRC2012_val_00028971,resolved,normalized exact,same animal-day selectivity sessions,1,11e3190f66903f052a8dac6c,Diablito-10042024-003,Selectivity/2024/2024-04-10-SE-Diablito-01/ILSVRC2012_val_00028971.JPEG,/targets/11e3190f66903f052a8dac6c.webp,4960d57e2ef9b6e45583aa5bb915d8a20324f1e094edcd9d7858119f5fbd1e0b
Diablito-10042024-009#thread000,n02164464_20281,resolved,normalized exact,same animal-day selectivity sessions,1,bb71d9d0009f7d06ba337e77,Diablito-10042024-003,Selectivity/2024/2024-04-10-SE-Diablito-01/n02164464_20281.JPEG,/targets/bb71d9d0009f7d06ba337e77.webp,c5f31bacb58bc24edc40dea41a15653830015f389c9cc27ff7adc2accf194205
Diablito-17042024-004#thread000,ILSVRC2012_val_00011039,resolved,normalized exact,same animal-day selectivity sessions,1,f5e6841bee1db3a857516a91,Diablito-17042024-003,Selectivity/2024/2024-04-17-SE-Diablito-01/ILSVRC2012_val_00011039.JPEG,/targets/f5e6841bee1db3a857516a91.webp,9a252846cb090066a4bf0b68112ced991600b517a21f07823c60fdda6cffcf7e
Diablito-17042024-005#thread000,ILSVRC2012_val_00011039,resolved,normalized exact,same animal-day selectivity sessions,1,f5e6841bee1db3a857516a91,Diablito-17042024-003,Selectivity/2024/2024-04-17-SE-Diablito-01/ILSVRC2012_val_00011039.JPEG,/targets/f5e6841bee1db3a857516a91.webp,9a252846cb090066a4bf0b68112ced991600b517a21f07823c60fdda6cffcf7e
Diablito-17042024-006#thread000,ILSVRC2012_val_00011039,resolved,normalized exact,same animal-day selectivity sessions,1,f5e6841bee1db3a857516a91,Diablito-17042024-003,Selectivity/2024/2024-04-17-SE-Diablito-01/ILSVRC2012_val_00011039.JPEG,/targets/f5e6841bee1db3a857516a91.webp,9a252846cb090066a4bf0b68112ced991600b517a21f07823c60fdda6cffcf7e
Diablito-22042024-004#thread000,09,resolved,normalized exact,same animal-day selectivity sessions,1,b02597e36c78b486bf969859,Diablito-22042024-003,Selectivity/2024/2024-04-22-SE-Diablito-01/09.bmp,/targets/b02597e36c78b486bf969859.webp,1bc3af6a0e55ad844bc0a04888e3ed6c8cf061d69e23ae8a3777b1bbd0d393e3
Diablito-23042024-006#thread000,pic_008_original,resolved,normalized exact,same animal-day selectivity sessions,1,73726afeac406a8317989344,Diablito-23042024-005,Reconstruction/2024/2024-04-23-RE-Diablito-01/Selectivity/pic_008_original.bmp,/targets/73726afeac406a8317989344.webp,69b8c4d41d9ca1340b77718ad16cda3cac483464fca47be128b66ec73a16c2dc
Diablito-24042024-003#thread000,ILSVRC2012_val_00026330,resolved,normalized exact,same animal-day selectivity sessions,1,1bf690956f2589b06f8339e3,Diablito-24042024-002,2023_selectivity_imagenet/imagenet_selectivity_160_clusters/ILSVRC2012_val_00026330.JPEG,/targets/1bf690956f2589b06f8339e3.webp,1873df195ece5f0c5ea9585ac28ea901354de7376b8a3cf72cf335c2a902d068
Diablito-25042024-003#thread000,monkey_001_resized,resolved,normalized exact,same animal-day selectivity sessions,1,86771fbbe5e154958ba9697f,Diablito-25042024-002,Selectivity/2024/240425-Selectivity160plusExtra-Caos-01/monkey_001_resized.JPEG,/targets/86771fbbe5e154958ba9697f.webp,bf70f82f9e1494409c9342a10dbdfbcd06b3bfb228e37f3e076eb56383a0e4de
Diablito-25042024-004#thread000,monkey_001_resized,resolved,normalized exact,same animal-day selectivity sessions,1,86771fbbe5e154958ba9697f,Diablito-25042024-002,Selectivity/2024/240425-Selectivity160plusExtra-Caos-01/monkey_001_resized.JPEG,/targets/86771fbbe5e154958ba9697f.webp,bf70f82f9e1494409c9342a10dbdfbcd06b3bfb228e37f3e076eb56383a0e4de
Diablito-30042024-003#thread000,part8,resolved,normalized exact,same animal-day selectivity sessions,1,c263843ff31f65968a305edc,Diablito-30042024-002,Selectivity/2024/240430-Diablito-01/part8.tif,/targets/c263843ff31f65968a305edc.webp,811065cf5257f3641c509f8b170f149b1309c4aa6bbc61175ed84341a64c7dcd
Diablito-07052024-003#thread000,CIMG0947,resolved,normalized exact,same animal-day selectivity sessions,1,3b8c4e24d96d4095ab1f1b4e,Diablito-07052024-002,2023_selectivity_imagenet/imagenet_selectivity_160_clusters/CIMG0947.JPG,/targets/3b8c4e24d96d4095ab1f1b4e.webp,f46c0d19f3ddec306e8f448d1e3f208096ae74856be4a6e34f652293fb681409
Diablito-07052024-004#thread000,ILSVRC2012_val_00049298,resolved,normalized exact,same animal-day selectivity sessions,1,1e14e453200e923195cde7e7,Diablito-07052024-002,2023_selectivity_imagenet/imagenet_selectivity_160_clusters/ILSVRC2012_val_00049298.JPEG,/targets/1e14e453200e923195cde7e7.webp,a8b8e562f381812fa4e7c7b93f15d752d809f5b4a10b084c49d6c73516f4e20b
Diablito-07052024-005#thread000,ILSVRC2012_val_00015958,resolved,normalized exact,same animal-day selectivity sessions,1,75135c3802420848ae1435c0,Diablito-07052024-002,2023_selectivity_imagenet/imagenet_selectivity_160_clusters/ILSVRC2012_val_00015958.JPEG,/targets/75135c3802420848ae1435c0.webp,a82fbb81824c18747ad8fdfc49b11a40ae9553261cdd54c455fca9bd254cf7f4
Diablito-07052024-006#thread000,stock_photo_nature_portrait_zoo_animals_face_monkey_78ad4940_7d89_430d_993b_77ca24207c1c,resolved,normalized exact,same animal-day selectivity sessions,1,71897afb8b578b9fad034c72,Diablito-07052024-002,2023_selectivity_imagenet/imagenet_selectivity_160_clusters/stock_photo_nature_portrait_zoo_animals_face_monkey_78ad4940_7d89_430d_993b_77ca24207c1c.jpg,/targets/71897afb8b578b9fad034c72.webp,62711c2619005241734e25d60ab27819e7acc82e834169d26758991e0e600d50
Diablito-09052024-006#thread000,mf4,resolved,normalized exact,same animal-day selectivity sessions,1,b94cb2f5d3490e797af52d7a,Diablito-09052024-005,Selectivity/2024/2024-05-09-SE-Diablito-01/mf4.jpg,/targets/b94cb2f5d3490e797af52d7a.webp,c7278cb8eca8f5bf2cbde1e61fcd1fddf50251bf1c7902ecece6364fc8366a52
Diablito-09052024-007#thread000,0352_monkey_n02484322_7985,resolved,normalized exact,same animal-day selectivity sessions,1,9141fbf52ae4a735b9247505,Diablito-09052024-005,Selectivity/2024/2024-05-09-SE-Diablito-01/0352_monkey_n02484322_7985.JPEG,/targets/9141fbf52ae4a735b9247505.webp,b8a6bd32bd059d4989d400e0a6e2629146625bbcbe299b3aee63a1dc82cda7ba
Diablito-09052024-008#thread000,0168_elephant_n02504013_446,resolved,normalized exact,same animal-day selectivity sessions,1,d570c48635477f6da0cf05be,Diablito-09052024-005,Selectivity/2024/2024-05-09-SE-Diablito-01/0168_elephant_n02504013_446.JPEG,/targets/d570c48635477f6da0cf05be.webp,c07bbcc34f95f87d9004a870b7c2a1221972987161237300629d96ba6f67bf9d
Diablito-09052024-009#thread000,0535_birdhouse_n02843684_3312,resolved,normalized exact,same animal-day selectivity sessions,1,5473afaa8d3f067fa4733d31,Diablito-09052024-005,Selectivity/2024/2024-05-09-SE-Diablito-01/0535_birdhouse_n02843684_3312.JPEG,/targets/5473afaa8d3f067fa4733d31.webp,52f68df363f4e57f019826a65649c4ce20a29d34110c6092f700d6a48794f9bc
Diablito-13052024-008#thread000,1129_zebra_n02391049_734,resolved,normalized exact,same animal-day selectivity sessions,1,25eedb11cd8d23fe62ac0d54,Diablito-13052024-007,Selectivity/2024/2024-05-13-SE-Diablito-01/1129_zebra_n02391049_734.JPEG,/targets/25eedb11cd8d23fe62ac0d54.webp,9b233ff0239ec608632b6bcd38a0e140cf00a3e9cda2effc8ef38188d2385967
Diablito-13052024-009#thread000,0352_monkey_n02487347_6030,resolved,normalized exact,same animal-day selectivity sessions,1,fd9843bd4c8bdab28e00c614,Diablito-13052024-007,Selectivity/2024/2024-05-13-SE-Diablito-01/0352_monkey_n02487347_6030.JPEG,/targets/fd9843bd4c8bdab28e00c614.webp,808cffe1b97afe989e386922b0190fc67e0d04f254665b142861d0b2fc1fbf94
Diablito-14052024-007#thread000,Caos-12082023-006_expId58_thread0_target,resolved,normalized exact,same animal-day selectivity sessions,1,f58239ff8cf24e1ae086b24d,Diablito-14052024-006,Selectivity/2024/2024-05-14-SE-Diablito-01/Caos-12082023-006_expId58_thread0_target.png,/targets/f58239ff8cf24e1ae086b24d.webp,4157d57ae0b880319437f7974b0a7c555589da21c5dc4d0b81add10802a61509
Diablito-14052024-008#thread000,Caos-12072023-007_expId56_thread0_target,resolved,normalized exact,same animal-day selectivity sessions,1,7667df569453271344987d84,Diablito-14052024-006,Selectivity/2024/2024-05-14-SE-Diablito-01/Caos-12072023-007_expId56_thread0_target.png,/targets/7667df569453271344987d84.webp,c70833f4211779c930e1e69fff4d66a99823d0cc9221c750b317ebf988105c01
Diablito-14052024-010#thread000,Caos-02012024-010_expId33_thread0_target,resolved,normalized exact,same animal-day selectivity sessions,1,4f5ce2501fc9561f89ffaa94,Diablito-14052024-006,Selectivity/2024/2024-05-14-SE-Diablito-01/Caos-02012024-010_expId33_thread0_target.png,/targets/4f5ce2501fc9561f89ffaa94.webp,af2be09becee5d3ec0c8e4796c931c058f5452825aecda659a82f1d3b7ed7b5e
Diablito-14052024-011#thread000,Caos-01112024-008_expId10_thread0_target,resolved,normalized exact,same animal-day selectivity sessions,1,14c8503b023d957e8b55b20b,Diablito-14052024-006,Selectivity/2024/2024-05-14-SE-Diablito-01/Caos-01112024-008_expId10_thread0_target.png,/targets/14c8503b023d957e8b55b20b.webp,422df90e4649f9f026e88cdf4091dc66a9c48949b2360caf3caf8f927c8706b3
Diablito-14052024-012#thread000,Caos-08112023-007_expId45_thread0_target,resolved,normalized exact,same animal-day selectivity sessions,1,162cf4536a6066b859733c70,Diablito-14052024-006,Selectivity/2024/2024-05-14-SE-Diablito-01/Caos-08112023-007_expId45_thread0_target.png,/targets/162cf4536a6066b859733c70.webp,2914996c341bf5e3a9b65b565196f712be64316b387c4247c8417f482b771d9d
Diablito-14052024-013#thread000,ABREADMAC,resolved,normalized exact,same animal-day selectivity sessions,1,71fcefe77eb9d19d4861492c,Diablito-14052024-006,Selectivity/2024/2024-05-14-SE-Diablito-01/ABREADMAC.jpg,/targets/71fcefe77eb9d19d4861492c.webp,e7c296940137740f554f7ab312f4da066a872015cda297ca00a955126c93bace
Diablito-15052024-004#thread000,Caos-01152024-005_expId14_thread0_target,resolved,normalized exact,same animal-day selectivity sessions,1,600ff9ca5986189a3712bdf6,Diablito-15052024-003,Selectivity/2024/2024-05-15-SE-Diablito-01/Caos-01152024-005_expId14_thread0_target.png,/targets/600ff9ca5986189a3712bdf6.webp,69dae152b3c4d83577479af077aa63e39aa3d494b2fbe8f77983de059c603ac2
Diablito-15052024-005#thread000,ABREADMAC,resolved,normalized exact,same animal-day selectivity sessions,1,900048a045b83d903bf89b69,Diablito-15052024-003,Selectivity/2024/2024-05-15-SE-Diablito-01/ABREADMAC.jpg,/targets/900048a045b83d903bf89b69.webp,e7c296940137740f554f7ab312f4da066a872015cda297ca00a955126c93bace
Diablito-15052024-006#thread000,Caos-10112023-006_expId51_thread0_target,resolved,normalized exact,same animal-day selectivity sessions,1,ada30819b7ffa69e8f9c5d20,Diablito-15052024-003,Selectivity/2024/2024-05-15-SE-Diablito-01/Caos-10112023-006_expId51_thread0_target.png,/targets/ada30819b7ffa69e8f9c5d20.webp,3eca759bbc7793eeb0ed427d2218b9fbdd7b89b264efa4d95e4726131f03ee5c
Diablito-15052024-007#thread000,Caos-04122023-003_expId38_thread0_target,resolved,normalized exact,same animal-day selectivity sessions,1,8908383cf66b50d64205fad8,Diablito-15052024-003,Selectivity/2024/2024-05-15-SE-Diablito-01/Caos-04122023-003_expId38_thread0_target.png,/targets/8908383cf66b50d64205fad8.webp,285cb19214bb0325eb9ebc5d56c9aa393ad3c1ebe54dbcc4dd483200af3f6326
Diablito-15052024-008#thread000,Caos-16112023-005_expId82_thread0_target,resolved,normalized exact,same animal-day selectivity sessions,1,67f08bfb90b6c77aef38dfe0,Diablito-15052024-003,Selectivity/2024/2024-05-15-SE-Diablito-01/Caos-16112023-005_expId82_thread0_target.png,/targets/67f08bfb90b6c77aef38dfe0.webp,4afae56a20122f7e5c256cbae2bc8856d38f3ca79933e17697f6858c652d7250
Diablito-15052024-009#thread000,Caos-01162024-011_expId18_thread0_target,resolved,normalized exact,same animal-day selectivity sessions,1,20953dda7fab7513b2f6042e,Diablito-15052024-003,Selectivity/2024/2024-05-15-SE-Diablito-01/Caos-01162024-011_expId18_thread0_target.png,/targets/20953dda7fab7513b2f6042e.webp,fe4c90d2556d6ab50b81ace64aa0e270a2c09ec721a3cd1fa6f16cccc881bf95
Diablito-20052024-003#thread000,color_red,resolved,normalized exact,same animal-day selectivity sessions,1,59ac3bbd4b76cc95815e5817,Diablito-20052024-002,Selectivity/2024/2024-05-20-SE-Diablito-01/color_red.png,/targets/59ac3bbd4b76cc95815e5817.webp,b29b18fa59b6be6587dee992c6b3c6e002822dd9548b9bc3579fd8edf5474379
Diablito-20052024-004#thread000,Caos-12082023-007_expId59_thread0_target,resolved,normalized exact,same animal-day selectivity sessions,1,2323bf31bf27cc0dbd3c1b58,Diablito-20052024-002,Selectivity/2024/2024-05-20-SE-Diablito-01/Caos-12082023-007_expId59_thread0_target.png,/targets/2323bf31bf27cc0dbd3c1b58.webp,63f22bd997f7c95e2014607b70ceeeb18f2c6fc796fcee4976f6104928187988
Diablito-20052024-005#thread000,Caos-12062023-008_expId55_thread0_target,resolved,normalized exact,same animal-day selectivity sessions,1,3c99f7df3469681df574baca,Diablito-20052024-002,Selectivity/2024/2024-05-20-SE-Diablito-01/Caos-12062023-008_expId55_thread0_target.png,/targets/3c99f7df3469681df574baca.webp,6b7589dba9acaf8f43abc913038c87d4e637ef212ba2724c338accf04de803dc
Diablito-20052024-006#thread000,0535_birdhouse_n02843684_2062,resolved,normalized exact,same animal-day selectivity sessions,1,9e58ec5a16662d9de39596a4,Diablito-20052024-002,Selectivity/2024/2024-05-20-SE-Diablito-01/0535_birdhouse_n02843684_2062.JPEG,/targets/9e58ec5a16662d9de39596a4.webp,086f69ba18648da71308364c21b96b240cf7e60f5c469ca816dde252f05a74a8
Diablito-20052024-007#thread000,0535_birdhouse_n02843684_2062,resolved,normalized exact,same animal-day selectivity sessions,1,9e58ec5a16662d9de39596a4,Diablito-20052024-002,Selectivity/2024/2024-05-20-SE-Diablito-01/0535_birdhouse_n02843684_2062.JPEG,/targets/9e58ec5a16662d9de39596a4.webp,086f69ba18648da71308364c21b96b240cf7e60f5c469ca816dde252f05a74a8
Diablito-20052024-008#thread000,Caos-01172024-008_expId19_thread0_target,resolved,normalized exact,same animal-day selectivity sessions,1,3841efc1d8a726911542b173,Diablito-20052024-002,Selectivity/2024/2024-05-20-SE-Diablito-01/Caos-01172024-008_expId19_thread0_target.png,/targets/3841efc1d8a726911542b173.webp,61ed00b41cc0aa9498a34ff94db6fa7dd4d1e38c6828b23fc51f9a0ce7456b8a
Diablito-20052024-009#thread000,Caos-12112023-009_expId64_thread0_target,resolved,normalized exact,same animal-day selectivity sessions,1,0bd42e0e0973becae4306728,Diablito-20052024-002,Selectivity/2024/2024-05-20-SE-Diablito-01/Caos-12112023-009_expId64_thread0_target.png,/targets/0bd42e0e0973becae4306728.webp,680fe2edca3c21d8ac783536384e354255a9d0b17c6956167a89f51b21e950be
Diablito-28052024-004#thread000,034_0009,resolved,normalized exact,same animal-day selectivity sessions,1,8f6435efba08402a3cc39603,Diablito-28052024-003,Selectivity/2024/2024-05-28-SE-Diablito-01/034_0009.jpg,/targets/8f6435efba08402a3cc39603.webp,dedfa4685df1e3e0aa0d1b46df4d31a57dc120533abf0c68024f4b5b96308bca
Diablito-28052024-005#thread000,BigAnimate_20,resolved,normalized exact,same animal-day selectivity sessions,1,0174ccf4f68fc8f0137ac42e,Diablito-28052024-003,Selectivity/2024/2024-05-28-SE-Diablito-01/BigAnimate_20.jpg,/targets/0174ccf4f68fc8f0137ac42e.webp,4b9c358b838a4e06bccf2676e69f460b4ccecd59fda8d666ee6baea3279345f9
Diablito-28052024-006#thread000,birdnew03,resolved,normalized exact,same animal-day selectivity sessions,1,977be162239e9f284fb5f540,Diablito-28052024-003,Selectivity/2024/2024-05-28-SE-Diablito-01/birdnew03.jpg,/targets/977be162239e9f284fb5f540.webp,6e2f5d3ccf392c9ae15f507d043a1c4b382a030866d64fc55186c93d5de516a9
Diablito-30052024-003#thread000,038_0061,resolved,normalized exact,same animal-day selectivity sessions,1,cd3cce5a8c3107c4f84dacbc,Diablito-30052024-002,Selectivity/2024/2024-05-30-SE-Diablito-01/038_0061.jpg,/targets/cd3cce5a8c3107c4f84dacbc.webp,3873e8a5e9d2fd42df228d62b420fddfbbc0a789ac056ded5f92f41676ff3ee9
Diablito-30052024-004#thread000,cookpot_10,resolved,normalized exact,same animal-day selectivity sessions,1,661879a6c286074f4fd63461,Diablito-30052024-002,Selectivity/2024/2024-05-30-SE-Diablito-01/cookpot_10.jpg,/targets/661879a6c286074f4fd63461.webp,7e4c2691504eded164b8a7d651829bc6c9a2f291b0230898e80af56242eceb29
Diablito-30052024-007#thread000,204_0033,resolved,normalized exact,same animal-day selectivity sessions,1,4541badf4921c33e0506f56d,Diablito-30052024-002,Selectivity/2024/2024-05-30-SE-Diablito-01/204_0033.jpg,/targets/4541badf4921c33e0506f56d.webp,29fe982cdefba6552e5e73624614239396d3f3da55d515a823f7604e3a3bd47c
Diablito-07062024-008#thread000,ILSVRC2012_val_00007984,resolved,normalized exact,same animal-day selectivity sessions,1,49e9be38110cf8094cefc03c,Diablito-07062024-002,2023_selectivity_imagenet/imagenet_selectivity_160_clusters/ILSVRC2012_val_00007984.JPEG,/targets/49e9be38110cf8094cefc03c.webp,a54a81eaef4de3229b264722dc423b553780168102107bcfebef348113a6839a
Diablito-18062024-008#thread000,ILSVRC2012_val_00000610,resolved,normalized exact,same animal-day selectivity sessions,1,ed7001705ded058ec85dfc1b,Diablito-18062024-002,2023_selectivity_imagenet/imagenet_selectivity_160_clusters/ILSVRC2012_val_00000610.JPEG,/targets/ed7001705ded058ec85dfc1b.webp,4c3a5498b182d9a8d49987e447ffb796ea0e48b79af9bec77faba6df24011eab
Diablito-18062024-009#thread000,ILSVRC2012_val_00003572,resolved,normalized exact,same animal-day selectivity sessions,1,4f332cee2c009ca128bae8c1,Diablito-18062024-002,2023_selectivity_imagenet/imagenet_selectivity_160_clusters/ILSVRC2012_val_00003572.JPEG,/targets/4f332cee2c009ca128bae8c1.webp,cbc2690d41f7b734c8377b24812c8aa99194237081c508666ff6a5466b428fc8
